attacker_name,Item_Weapon_Molotov_C,match_id,Item_Weapon_SmokeBomb_C,Item_Weapon_Grenade_C,Item_Weapon_FlashBang_C
17_Lilghost,,1,,,
17_SuJiu,,1,,,
17_Xbei,,1,,,
17_xwudd,,1,,,
4AM_CRAZY112,1.0,1,5.0,3.0,3.0
4AM_Summer,,1,5.0,3.0,
4AM_WangZai,,1,,,
4AM_Xiaohaixxxx,2.0,1,3.0,1.0,
4AM_xxxLu,1.0,1,4.0,6.0,1.0
ACE_ItzzChrizZ,,1,2.0,,
ACE_KILYAKAi,2.0,1,,,2.0
ACE_Myca,2.0,1,3.0,2.0,3.0
ACE_braex,,1,,,
CES_HaiSaki,,1,1.0,3.0,
CES_Himass,,1,3.0,2.0,
CES_Taikonn,,1,,,
CES_YmCud,,1,8.0,,
DAY_Belmoth,,1,,,
DAY_Flash,,1,,,
DAY_Nourinz,,1,,,
DAY_PuuChiwz,,1,,,
DNW_Inonix,,1,,,
DNW_Loki,,1,,,
DNW_Salute,,1,,,
DNW_seoul,,1,,,
EXO_Akita,1.0,1,3.0,1.0,
EXO_Hikerman,,1,,,
EXO_Rain,,1,,1.0,
EXO_empt,,1,11.0,4.0,3.0
EXO_kang,,1,5.0,1.0,1.0
FaZe_Fexx,,1,,,
FaZe_Gustav,,1,,,
FaZe_curexi,,1,,,
FaZe_jeemzz,,1,,,
GBL_Glaz,,1,,,
GBL_Gyumin,,1,3.0,1.0,
GBL_Heaven,,1,,,1.0
GBL_Tosi,,1,,1.0,1.0
GEN_DG98,,1,,,
GEN_Foxy,,1,,2.0,
GEN_Pio,,1,,2.0,
GEN_taemin,,1,1.0,,
GEX_Leo,,1,,,
GEX_Savior,,1,,,
GEX_Yuri,,1,,,
GEX_ZhenNan,,1,,,
HOWL_Apocalyp,,1,,,
HOWL_RuerN,,1,,,
HOWL_TheMad,,1,,,
HOWL_scof1eld,,1,,,
III_Adam,,1,,,
III_RichyB,,1,,,
III_Vox,,1,,,
III_oldless,,1,,,
LG_Fludd,,1,2.0,1.0,
LG_Kickstart,2.0,1,2.0,1.0,5.0
LG_Relo,,1,3.0,,
LG_Snakers,,1,1.0,,
NAVI_Mell,,1,6.0,5.0,3.0
NAVI_alya,,1,6.0,5.0,2.0
NAVI_ubah,,1,8.0,2.0,4.0
NAVI_xmpl,,1,4.0,2.0,2.0
NH_HSmm,,1,6.0,5.0,1.0
NH_MMing,1.0,1,3.0,3.0,
NH_Nannnnn,1.0,1,2.0,4.0,
NH_ZpYan1,1.0,1,1.0,3.0,
PLM_BORBO4Tz,,1,1.0,1.0,
PLM_Flukky,1.0,1,3.0,1.0,
PLM_ThanawatTH,3.0,1,3.0,1.0,
PLM_Thunderz,2.0,1,2.0,1.0,
PTG_Adder,,1,,,
PTG_Akad,1.0,1,8.0,4.0,
PTG_Hikari,1.0,1,4.0,2.0,
PTG_WICKED,1.0,1,5.0,2.0,2.0
PeRo_AZ,1.0,1,1.0,,
PeRo_Aixleft,1.0,1,3.0,3.0,
PeRo_Cui71,1.0,1,1.0,1.0,1.0
PeRo_Myl,,1,,3.0,
SQ_M1ME,,1,2.0,1.0,
SQ_Shrimzy,,1,4.0,1.0,2.0
SQ_TGLTN,,1,6.0,4.0,
SQ_hwinn,,1,1.0,1.0,
SST_Feaven,,1,1.0,,
SST_Imhac,,1,,,
SST_Runax,,1,,,
SST_Tae9,,1,,,
STK_PurdyKurty,1.0,1,3.0,4.0,
STK_Vegas,,1,4.0,1.0,
STK_alow,,1,,,
STK_penta,,1,4.0,,
TWIS_BatulinS,,1,3.0,4.0,
TWIS_Lu,,1,1.0,2.0,
TWIS_Perfect1ks,,1,1.0,2.0,
TWIS_TheTab,,1,,,
TWIS_spyrro,,1,5.0,2.0,
Tian_77owo,,1,,,
Tian_LinShu,,1,,,
Tian_LongSkr,,1,,,
Tian_PaoPao,,1,,,
17_Lilghost,,2,,,
17_SuJiu,,2,,,
17_Xbei,,2,,,
17_xwudd,,2,,,
4AM_CRAZY112,,2,3.0,4.0,1.0
4AM_Summer,1.0,2,2.0,1.0,
4AM_WangZai,,2,,,
4AM_Xiaohaixxxx,,2,,3.0,
4AM_xxxLu,,2,,1.0,
ACE_ItzzChrizZ,,2,1.0,2.0,
ACE_KILYAKAi,,2,1.0,,
ACE_Myca,,2,3.0,,
ACE_braex,,2,2.0,3.0,
CES_HaiSaki,,2,1.0,2.0,
CES_Himass,,2,7.0,4.0,2.0
CES_Taikonn,,2,3.0,,
CES_YmCud,,2,3.0,4.0,1.0
DAY_Belmoth,,2,,,
DAY_Flash,,2,,,
DAY_Nourinz,,2,,,
DAY_PuuChiwz,,2,,,
DNW_Inonix,,2,,,
DNW_Loki,,2,,,
DNW_Salute,,2,,,
DNW_seoul,,2,,,
EXO_Akita,,2,,,
EXO_Hikerman,,2,,,
EXO_Rain,,2,,,
EXO_empt,,2,1.0,3.0,
EXO_kang,,2,4.0,2.0,
FaZe_Fexx,,2,,,
FaZe_Gustav,,2,,,
FaZe_curexi,,2,,,
FaZe_jeemzz,,2,,,
GBL_Glaz,,2,3.0,1.0,
GBL_Gyumin,,2,5.0,2.0,
GBL_Heaven,2.0,2,,3.0,2.0
GBL_Tosi,,2,,1.0,
GEN_DG98,,2,,,
GEN_Foxy,,2,,,
GEN_Pio,,2,,,
GEN_taemin,,2,,,
GEX_Leo,,2,,,
GEX_Savior,,2,,,
GEX_Yuri,,2,,,
GEX_ZhenNan,,2,,,
HOWL_Apocalyp,,2,,,
HOWL_RuerN,,2,,,
HOWL_TheMad,,2,,,
HOWL_scof1eld,,2,,,
III_Adam,,2,,,
III_RichyB,,2,,,
III_Vox,,2,,,
III_oldless,,2,,,
LG_Fludd,,2,,,
LG_Kickstart,1.0,2,2.0,2.0,2.0
LG_Relo,1.0,2,,3.0,2.0
LG_Snakers,,2,,3.0,
NAVI_Mell,,2,4.0,1.0,1.0
NAVI_alya,,2,2.0,,1.0
NAVI_ubah,,2,11.0,3.0,
NAVI_xmpl,1.0,2,6.0,2.0,
NH_HSmm,1.0,2,3.0,3.0,
NH_MMing,,2,,1.0,
NH_Nannnnn,,2,3.0,1.0,1.0
NH_ZpYan1,2.0,2,3.0,5.0,3.0
PLM_BORBO4Tz,,2,,3.0,
PLM_Flukky,,2,3.0,,
PLM_ThanawatTH,,2,2.0,,
PLM_Thunderz,,2,,,
PTG_Adder,,2,,,
PTG_Akad,1.0,2,,1.0,
PTG_Hikari,1.0,2,,,
PTG_WICKED,,2,,1.0,
PeRo_AZ,,2,1.0,,
PeRo_Aixleft,,2,,,
PeRo_Cui71,,2,,,
PeRo_Myl,,2,,,
SQ_M1ME,1.0,2,5.0,2.0,1.0
SQ_Shrimzy,1.0,2,8.0,2.0,1.0
SQ_TGLTN,,2,1.0,1.0,1.0
SQ_hwinn,1.0,2,4.0,1.0,2.0
SST_Feaven,,2,,,
SST_Imhac,1.0,2,1.0,1.0,1.0
SST_Runax,,2,,,
SST_Tae9,,2,7.0,1.0,
STK_PurdyKurty,,2,3.0,,
STK_Vegas,,2,4.0,,
STK_alow,,2,3.0,,
STK_penta,,2,2.0,,1.0
TWIS_BatulinS,,2,,,2.0
TWIS_Lu,,2,,,
TWIS_Perfect1ks,,2,,,
TWIS_TheTab,,2,,,
TWIS_spyrro,,2,3.0,,
Tian_77owo,,2,,,
Tian_LinShu,,2,,,
Tian_LongSkr,,2,,,
Tian_PaoPao,,2,,,
17_Lilghost,,3,,,
17_SuJiu,,3,,,
17_Xbei,,3,,,
17_xwudd,,3,,,
4AM_CRAZY112,,3,5.0,3.0,2.0
4AM_Summer,1.0,3,,3.0,
4AM_WangZai,,3,,,
4AM_Xiaohaixxxx,,3,,,
4AM_xxxLu,,3,,1.0,
ACE_ItzzChrizZ,,3,,,
ACE_KILYAKAi,,3,1.0,1.0,2.0
ACE_Myca,,3,,5.0,2.0
ACE_braex,,3,,,
CES_HaiSaki,2.0,3,4.0,1.0,1.0
CES_Himass,1.0,3,3.0,1.0,
CES_Taikonn,,3,3.0,,
CES_YmCud,2.0,3,6.0,,3.0
DAY_Belmoth,,3,,,
DAY_Flash,,3,,,
DAY_Nourinz,,3,,,
DAY_PuuChiwz,,3,,,
DNW_Inonix,,3,,,
DNW_Loki,,3,,,
DNW_Salute,,3,,,
DNW_seoul,,3,,,
EXO_Akita,,3,5.0,2.0,
EXO_Hikerman,,3,,,
EXO_Rain,2.0,3,2.0,3.0,
EXO_empt,1.0,3,1.0,2.0,
EXO_kang,,3,3.0,1.0,1.0
FaZe_Fexx,,3,,,
FaZe_Gustav,,3,,,
FaZe_curexi,,3,,,
FaZe_jeemzz,,3,,,
GBL_Glaz,,3,,,
GBL_Gyumin,1.0,3,5.0,1.0,
GBL_Heaven,,3,1.0,,
GBL_Tosi,1.0,3,1.0,4.0,
GEN_DG98,,3,3.0,1.0,
GEN_Foxy,1.0,3,3.0,,1.0
GEN_Pio,,3,2.0,2.0,
GEN_taemin,,3,6.0,,
GEX_Leo,,3,,,
GEX_Savior,,3,,,
GEX_Yuri,,3,,,
GEX_ZhenNan,,3,,,
HOWL_Apocalyp,,3,,,
HOWL_RuerN,,3,,,
HOWL_TheMad,,3,,,
HOWL_scof1eld,,3,,,
III_Adam,,3,,,
III_RichyB,,3,,,
III_Vox,,3,,,
III_oldless,,3,,,
LG_Fludd,,3,,,
LG_Kickstart,,3,6.0,2.0,
LG_Relo,,3,2.0,1.0,
LG_Snakers,,3,3.0,,
NAVI_Mell,,3,1.0,,
NAVI_alya,,3,7.0,1.0,1.0
NAVI_ubah,3.0,3,2.0,1.0,
NAVI_xmpl,,3,2.0,,
NH_HSmm,,3,4.0,,
NH_MMing,,3,3.0,3.0,1.0
NH_Nannnnn,,3,5.0,2.0,
NH_ZpYan1,,3,11.0,4.0,4.0
PLM_BORBO4Tz,,3,,,
PLM_Flukky,,3,1.0,,
PLM_ThanawatTH,,3,,2.0,
PLM_Thunderz,,3,1.0,,
PTG_Adder,,3,7.0,,6.0
PTG_Akad,,3,2.0,1.0,
PTG_Hikari,,3,2.0,1.0,
PTG_WICKED,,3,1.0,,5.0
PeRo_AZ,,3,2.0,1.0,2.0
PeRo_Aixleft,2.0,3,2.0,2.0,
PeRo_Cui71,,3,2.0,,2.0
PeRo_Myl,,3,1.0,1.0,
SQ_M1ME,1.0,3,3.0,3.0,2.0
SQ_Shrimzy,,3,3.0,1.0,4.0
SQ_TGLTN,2.0,3,3.0,3.0,2.0
SQ_hwinn,,3,3.0,3.0,8.0
SST_Feaven,,3,,,
SST_Imhac,,3,,,
SST_Runax,,3,3.0,,
SST_Tae9,,3,6.0,,
STK_PurdyKurty,1.0,3,3.0,2.0,2.0
STK_Vegas,1.0,3,2.0,4.0,
STK_alow,,3,,,
STK_penta,1.0,3,2.0,,1.0
TWIS_BatulinS,,3,9.0,2.0,
TWIS_Lu,,3,6.0,,
TWIS_Perfect1ks,,3,1.0,,
TWIS_TheTab,,3,,,
TWIS_spyrro,,3,2.0,,
Tian_77owo,,3,,,
Tian_LinShu,,3,,,
Tian_LongSkr,,3,,,
Tian_PaoPao,,3,,,
17_Lilghost,,4,,,
17_SuJiu,,4,,,
17_Xbei,,4,,,
17_xwudd,,4,,,
4AM_CRAZY112,,4,,1.0,
4AM_Summer,,4,,,
4AM_WangZai,,4,,,
4AM_Xiaohaixxxx,,4,,,
4AM_xxxLu,,4,,,
ACE_ItzzChrizZ,,4,,2.0,
ACE_KILYAKAi,,4,,,
ACE_Myca,,4,1.0,3.0,
ACE_braex,2.0,4,,,
CES_HaiSaki,,4,3.0,1.0,
CES_Himass,,4,,2.0,
CES_Taikonn,,4,5.0,1.0,1.0
CES_YmCud,,4,2.0,1.0,
DAY_Belmoth,,4,,,
DAY_Flash,,4,,,
DAY_Nourinz,,4,,,
DAY_PuuChiwz,,4,,,
DNW_Inonix,,4,,,
DNW_Loki,,4,,,
DNW_Salute,,4,,,
DNW_seoul,,4,,,
EXO_Akita,1.0,4,,,
EXO_Hikerman,,4,,,
EXO_Rain,,4,7.0,2.0,1.0
EXO_empt,4.0,4,1.0,3.0,
EXO_kang,,4,2.0,,
FaZe_Fexx,,4,,,
FaZe_Gustav,,4,,,
FaZe_curexi,,4,,,
FaZe_jeemzz,,4,,,
GBL_Glaz,,4,3.0,,
GBL_Gyumin,,4,4.0,1.0,2.0
GBL_Heaven,,4,,,1.0
GBL_Tosi,1.0,4,2.0,,
GEN_DG98,,4,,,
GEN_Foxy,,4,,1.0,
GEN_Pio,,4,,,
GEN_taemin,,4,,1.0,
GEX_Leo,,4,,,
GEX_Savior,,4,,,
GEX_Yuri,,4,,,
GEX_ZhenNan,,4,,,
HOWL_Apocalyp,,4,,,
HOWL_RuerN,,4,,,
HOWL_TheMad,,4,,,
HOWL_scof1eld,,4,,,
III_Adam,,4,,,
III_RichyB,,4,,,
III_Vox,,4,,,
III_oldless,,4,,,
LG_Fludd,,4,1.0,,
LG_Kickstart,,4,1.0,2.0,
LG_Relo,,4,,2.0,
LG_Snakers,,4,1.0,,
NAVI_Mell,,4,,,
NAVI_alya,1.0,4,,,
NAVI_ubah,,4,,,
NAVI_xmpl,,4,1.0,1.0,
NH_HSmm,,4,1.0,,1.0
NH_MMing,,4,2.0,1.0,
NH_Nannnnn,,4,,1.0,
NH_ZpYan1,,4,,,
PLM_BORBO4Tz,,4,,,
PLM_Flukky,,4,,2.0,
PLM_ThanawatTH,,4,,1.0,
PLM_Thunderz,1.0,4,,,2.0
PTG_Adder,,4,,,
PTG_Akad,1.0,4,,,
PTG_Hikari,,4,,2.0,
PTG_WICKED,,4,,2.0,1.0
PeRo_AZ,2.0,4,1.0,4.0,1.0
PeRo_Aixleft,,4,,1.0,
PeRo_Cui71,,4,3.0,3.0,1.0
PeRo_Myl,,4,,,
SQ_M1ME,3.0,4,8.0,5.0,3.0
SQ_Shrimzy,2.0,4,7.0,,1.0
SQ_TGLTN,3.0,4,5.0,1.0,
SQ_hwinn,,4,3.0,,
SST_Feaven,,4,,,
SST_Imhac,,4,3.0,,
SST_Runax,,4,,,
SST_Tae9,,4,,,
STK_PurdyKurty,,4,,,
STK_Vegas,,4,,1.0,
STK_alow,,4,,,
STK_penta,,4,,,
TWIS_BatulinS,,4,,,
TWIS_Lu,,4,2.0,,
TWIS_Perfect1ks,,4,3.0,,
TWIS_TheTab,,4,,,
TWIS_spyrro,,4,2.0,,1.0
Tian_77owo,,4,,,
Tian_LinShu,,4,,,
Tian_LongSkr,,4,,,
Tian_PaoPao,,4,,,
17_Lilghost,,5,,,
17_SuJiu,,5,,,
17_Xbei,,5,,,
17_xwudd,,5,,,
4AM_CRAZY112,,5,4.0,5.0,1.0
4AM_Summer,,5,,,
4AM_WangZai,,5,,,
4AM_Xiaohaixxxx,,5,2.0,3.0,
4AM_xxxLu,,5,3.0,2.0,2.0
ACE_ItzzChrizZ,2.0,5,3.0,,1.0
ACE_KILYAKAi,,5,2.0,1.0,
ACE_Myca,,5,1.0,,
ACE_braex,,5,1.0,3.0,
CES_HaiSaki,,5,1.0,2.0,
CES_Himass,1.0,5,2.0,2.0,1.0
CES_Taikonn,,5,,,
CES_YmCud,1.0,5,3.0,3.0,
DAY_Belmoth,,5,,,
DAY_Flash,,5,,,
DAY_Nourinz,,5,,,
DAY_PuuChiwz,,5,,,
DNW_Inonix,,5,,,
DNW_Loki,,5,,,
DNW_Salute,,5,,,
DNW_seoul,,5,,,
EXO_Akita,,5,6.0,,1.0
EXO_Hikerman,,5,,,
EXO_Rain,1.0,5,3.0,1.0,2.0
EXO_empt,,5,3.0,1.0,2.0
EXO_kang,1.0,5,1.0,1.0,
FaZe_Fexx,,5,,,
FaZe_Gustav,,5,,,
FaZe_curexi,,5,,,
FaZe_jeemzz,,5,,,
GBL_Glaz,,5,,,
GBL_Gyumin,1.0,5,6.0,,1.0
GBL_Heaven,1.0,5,2.0,,2.0
GBL_Tosi,,5,,1.0,
GEN_DG98,,5,,,
GEN_Foxy,,5,,,
GEN_Pio,,5,1.0,1.0,
GEN_taemin,,5,,,
GEX_Leo,,5,,,
GEX_Savior,,5,,,
GEX_Yuri,,5,,,
GEX_ZhenNan,,5,,,
HOWL_Apocalyp,,5,,,
HOWL_RuerN,,5,,,
HOWL_TheMad,,5,,,
HOWL_scof1eld,,5,,,
III_Adam,,5,,,
III_RichyB,,5,,,
III_Vox,,5,,,
III_oldless,,5,,,
LG_Fludd,1.0,5,4.0,1.0,2.0
LG_Kickstart,2.0,5,2.0,2.0,3.0
LG_Relo,1.0,5,3.0,4.0,6.0
LG_Snakers,3.0,5,4.0,5.0,2.0
NAVI_Mell,1.0,5,,2.0,
NAVI_alya,,5,1.0,1.0,4.0
NAVI_ubah,,5,,,
NAVI_xmpl,,5,1.0,,
NH_HSmm,2.0,5,4.0,3.0,2.0
NH_MMing,,5,6.0,2.0,
NH_Nannnnn,,5,2.0,3.0,
NH_ZpYan1,,5,3.0,4.0,2.0
PLM_BORBO4Tz,,5,5.0,1.0,3.0
PLM_Flukky,,5,,,
PLM_ThanawatTH,1.0,5,2.0,4.0,1.0
PLM_Thunderz,,5,1.0,,
PTG_Adder,,5,,,
PTG_Akad,,5,,,
PTG_Hikari,,5,,,
PTG_WICKED,,5,,,
PeRo_AZ,,5,,,
PeRo_Aixleft,2.0,5,7.0,3.0,
PeRo_Cui71,,5,,,
PeRo_Myl,,5,3.0,1.0,
SQ_M1ME,,5,6.0,2.0,1.0
SQ_Shrimzy,1.0,5,5.0,1.0,
SQ_TGLTN,1.0,5,3.0,2.0,
SQ_hwinn,,5,4.0,1.0,
SST_Feaven,2.0,5,2.0,2.0,
SST_Imhac,,5,2.0,1.0,1.0
SST_Runax,,5,1.0,3.0,
SST_Tae9,,5,4.0,3.0,
STK_PurdyKurty,,5,1.0,,1.0
STK_Vegas,,5,5.0,1.0,
STK_alow,,5,5.0,,
STK_penta,,5,3.0,,
TWIS_BatulinS,,5,1.0,,
TWIS_Lu,,5,,,
TWIS_Perfect1ks,,5,,,
TWIS_TheTab,,5,,,
TWIS_spyrro,,5,,,2.0
Tian_77owo,,5,,,
Tian_LinShu,,5,,,
Tian_LongSkr,,5,,,
Tian_PaoPao,,5,,,
17_Lilghost,,6,,,
17_SuJiu,,6,,,
17_Xbei,,6,,,
17_xwudd,,6,,,
4AM_CRAZY112,,6,3.0,1.0,
4AM_Summer,,6,2.0,,
4AM_WangZai,,6,,,
4AM_Xiaohaixxxx,,6,,,
4AM_xxxLu,,6,,,
ACE_ItzzChrizZ,2.0,6,,3.0,2.0
ACE_KILYAKAi,1.0,6,4.0,1.0,2.0
ACE_Myca,1.0,6,3.0,4.0,1.0
ACE_braex,,6,,4.0,
CES_HaiSaki,,6,,,
CES_Himass,1.0,6,3.0,3.0,1.0
CES_Taikonn,1.0,6,6.0,3.0,1.0
CES_YmCud,,6,6.0,1.0,2.0
DAY_Belmoth,,6,,,
DAY_Flash,,6,,,
DAY_Nourinz,,6,,,
DAY_PuuChiwz,,6,,,
DNW_Inonix,,6,,,
DNW_Loki,,6,,,
DNW_Salute,,6,,,
DNW_seoul,,6,,,
EXO_Akita,,6,1.0,,
EXO_Hikerman,,6,,,
EXO_Rain,,6,3.0,,
EXO_empt,,6,,,
EXO_kang,,6,,1.0,
FaZe_Fexx,,6,,,
FaZe_Gustav,,6,,,
FaZe_curexi,,6,,,
FaZe_jeemzz,,6,,,
GBL_Glaz,1.0,6,4.0,5.0,1.0
GBL_Gyumin,1.0,6,5.0,1.0,2.0
GBL_Heaven,2.0,6,3.0,2.0,
GBL_Tosi,1.0,6,3.0,3.0,2.0
GEN_DG98,1.0,6,6.0,2.0,1.0
GEN_Foxy,,6,,2.0,
GEN_Pio,1.0,6,6.0,3.0,
GEN_taemin,,6,2.0,3.0,2.0
GEX_Leo,,6,,,
GEX_Savior,,6,,,
GEX_Yuri,,6,,,
GEX_ZhenNan,,6,,,
HOWL_Apocalyp,,6,,,
HOWL_RuerN,,6,,,
HOWL_TheMad,,6,,,
HOWL_scof1eld,,6,,,
III_Adam,,6,,,
III_RichyB,,6,,,
III_Vox,,6,,,
III_oldless,,6,,,
LG_Fludd,,6,2.0,,
LG_Kickstart,1.0,6,4.0,2.0,2.0
LG_Relo,,6,2.0,,
LG_Snakers,,6,,,
NAVI_Mell,,6,,,
NAVI_alya,,6,,,
NAVI_ubah,,6,,1.0,2.0
NAVI_xmpl,,6,,,
NH_HSmm,,6,,,
NH_MMing,,6,,,
NH_Nannnnn,,6,3.0,2.0,
NH_ZpYan1,,6,,,
PLM_BORBO4Tz,,6,,,
PLM_Flukky,,6,1.0,,
PLM_ThanawatTH,,6,1.0,,
PLM_Thunderz,,6,2.0,,1.0
PTG_Adder,,6,,1.0,
PTG_Akad,,6,,,
PTG_Hikari,,6,,1.0,
PTG_WICKED,,6,,,
PeRo_AZ,,6,,,
PeRo_Aixleft,,6,,,
PeRo_Cui71,,6,,,
PeRo_Myl,,6,,,
SQ_M1ME,1.0,6,6.0,4.0,
SQ_Shrimzy,,6,6.0,1.0,
SQ_TGLTN,,6,5.0,,
SQ_hwinn,,6,4.0,1.0,
SST_Feaven,,6,2.0,,
SST_Imhac,1.0,6,1.0,1.0,
SST_Runax,,6,,,
SST_Tae9,,6,,2.0,
STK_PurdyKurty,,6,,5.0,
STK_Vegas,2.0,6,6.0,4.0,
STK_alow,1.0,6,6.0,,4.0
STK_penta,,6,,1.0,
TWIS_BatulinS,1.0,6,2.0,2.0,
TWIS_Lu,,6,3.0,,
TWIS_Perfect1ks,1.0,6,3.0,2.0,
TWIS_TheTab,,6,,,
TWIS_spyrro,,6,4.0,4.0,2.0
Tian_77owo,,6,,,
Tian_LinShu,,6,,,
Tian_LongSkr,,6,,,
Tian_PaoPao,,6,,,
17_Lilghost,,7,,,
17_SuJiu,2.0,7,,1.0,1.0
17_Xbei,,7,1.0,2.0,2.0
17_xwudd,,7,,1.0,2.0
4AM_CRAZY112,1.0,7,8.0,7.0,1.0
4AM_Summer,1.0,7,8.0,4.0,3.0
4AM_WangZai,2.0,7,6.0,4.0,2.0
4AM_Xiaohaixxxx,,7,4.0,6.0,3.0
4AM_xxxLu,,7,,,
ACE_ItzzChrizZ,,7,,,
ACE_KILYAKAi,,7,,,
ACE_Myca,,7,,,
ACE_braex,,7,,,
CES_HaiSaki,,7,,,
CES_Himass,,7,,,
CES_Taikonn,,7,,,
CES_YmCud,,7,,,
DAY_Belmoth,3.0,7,5.0,1.0,5.0
DAY_Flash,2.0,7,2.0,2.0,1.0
DAY_Nourinz,1.0,7,1.0,2.0,1.0
DAY_PuuChiwz,1.0,7,5.0,1.0,
DNW_Inonix,2.0,7,6.0,2.0,
DNW_Loki,,7,4.0,,1.0
DNW_Salute,1.0,7,2.0,,
DNW_seoul,,7,4.0,4.0,
EXO_Akita,,7,,,
EXO_Hikerman,,7,,,
EXO_Rain,,7,,,
EXO_empt,,7,,,
EXO_kang,,7,,,
FaZe_Fexx,1.0,7,1.0,1.0,
FaZe_Gustav,,7,2.0,2.0,
FaZe_curexi,2.0,7,3.0,2.0,
FaZe_jeemzz,,7,,1.0,
GBL_Glaz,,7,,,
GBL_Gyumin,,7,,,
GBL_Heaven,,7,,,
GBL_Tosi,,7,,,
GEN_DG98,,7,,,
GEN_Foxy,,7,,,
GEN_Pio,,7,,,
GEN_taemin,,7,,,
GEX_Leo,,7,,,
GEX_Savior,,7,,,
GEX_Yuri,,7,1.0,,
GEX_ZhenNan,,7,,1.0,
HOWL_Apocalyp,,7,,,
HOWL_RuerN,3.0,7,3.0,1.0,
HOWL_TheMad,,7,,1.0,
HOWL_scof1eld,,7,,,
III_Adam,1.0,7,,,
III_RichyB,1.0,7,,1.0,
III_Vox,1.0,7,,3.0,2.0
III_oldless,,7,,1.0,
LG_Fludd,,7,,,
LG_Kickstart,,7,,,
LG_Relo,,7,,,
LG_Snakers,,7,,,
NAVI_Mell,,7,,,
NAVI_alya,,7,,,
NAVI_ubah,,7,,,
NAVI_xmpl,,7,,,
NH_HSmm,,7,,1.0,
NH_MMing,,7,,1.0,
NH_Nannnnn,1.0,7,1.0,4.0,1.0
NH_ZpYan1,,7,,1.0,
PLM_BORBO4Tz,1.0,7,4.0,,3.0
PLM_Flukky,,7,,1.0,1.0
PLM_ThanawatTH,,7,,2.0,2.0
PLM_Thunderz,,7,3.0,1.0,
PTG_Adder,,7,,,
PTG_Akad,,7,,,
PTG_Hikari,,7,,,
PTG_WICKED,,7,,,
PeRo_AZ,,7,,,
PeRo_Aixleft,,7,,,
PeRo_Cui71,,7,,,
PeRo_Myl,,7,,,
SQ_M1ME,1.0,7,4.0,3.0,
SQ_Shrimzy,,7,2.0,,
SQ_TGLTN,,7,2.0,,1.0
SQ_hwinn,,7,1.0,,
SST_Feaven,,7,,,
SST_Imhac,1.0,7,1.0,,
SST_Runax,,7,,1.0,
SST_Tae9,,7,,,
STK_PurdyKurty,,7,2.0,,
STK_Vegas,,7,4.0,1.0,
STK_alow,,7,4.0,,
STK_penta,,7,1.0,1.0,
TWIS_BatulinS,1.0,7,,2.0,
TWIS_Lu,,7,5.0,3.0,1.0
TWIS_Perfect1ks,,7,,,
TWIS_TheTab,1.0,7,2.0,2.0,
TWIS_spyrro,,7,3.0,3.0,
Tian_77owo,,7,1.0,,
Tian_LinShu,1.0,7,,1.0,2.0
Tian_LongSkr,,7,1.0,1.0,
Tian_PaoPao,,7,,1.0,3.0
17_Lilghost,,8,,,
17_SuJiu,,8,2.0,,
17_Xbei,,8,4.0,,
17_xwudd,,8,,1.0,
4AM_CRAZY112,,8,,,
4AM_Summer,,8,,,
4AM_WangZai,,8,5.0,3.0,
4AM_Xiaohaixxxx,,8,3.0,,
4AM_xxxLu,,8,,,
ACE_ItzzChrizZ,,8,,,
ACE_KILYAKAi,,8,,,
ACE_Myca,,8,,,
ACE_braex,,8,,,
CES_HaiSaki,,8,,,
CES_Himass,,8,,,
CES_Taikonn,,8,,,
CES_YmCud,,8,,,
DAY_Belmoth,,8,1.0,2.0,
DAY_Flash,,8,5.0,1.0,
DAY_Nourinz,,8,,,
DAY_PuuChiwz,,8,,,
DNW_Inonix,,8,4.0,4.0,1.0
DNW_Loki,2.0,8,,1.0,2.0
DNW_Salute,1.0,8,,4.0,
DNW_seoul,1.0,8,,2.0,1.0
EXO_Akita,,8,,,
EXO_Hikerman,,8,,,
EXO_Rain,,8,,,
EXO_empt,,8,,,
EXO_kang,,8,,,
FaZe_Fexx,,8,,,
FaZe_Gustav,,8,11.0,1.0,
FaZe_curexi,,8,3.0,2.0,
FaZe_jeemzz,,8,4.0,1.0,
GBL_Glaz,,8,,,
GBL_Gyumin,,8,,,
GBL_Heaven,,8,,,
GBL_Tosi,,8,,,
GEN_DG98,,8,,,
GEN_Foxy,,8,,,
GEN_Pio,,8,,,
GEN_taemin,,8,,,
GEX_Leo,,8,3.0,,
GEX_Savior,,8,3.0,,
GEX_Yuri,,8,4.0,,
GEX_ZhenNan,,8,5.0,2.0,
HOWL_Apocalyp,,8,,,
HOWL_RuerN,,8,1.0,,
HOWL_TheMad,,8,,,
HOWL_scof1eld,,8,1.0,,
III_Adam,2.0,8,4.0,1.0,
III_RichyB,,8,1.0,,1.0
III_Vox,,8,,2.0,
III_oldless,,8,,,
LG_Fludd,,8,,,
LG_Kickstart,,8,,,
LG_Relo,,8,,,
LG_Snakers,,8,,,
NAVI_Mell,,8,,,
NAVI_alya,,8,,,
NAVI_ubah,,8,,,
NAVI_xmpl,,8,,,
NH_HSmm,,8,,,
NH_MMing,1.0,8,,3.0,
NH_Nannnnn,,8,3.0,2.0,
NH_ZpYan1,1.0,8,,2.0,
PLM_BORBO4Tz,,8,,,
PLM_Flukky,,8,2.0,2.0,2.0
PLM_ThanawatTH,2.0,8,5.0,3.0,
PLM_Thunderz,,8,,,
PTG_Adder,,8,2.0,,
PTG_Akad,,8,,,
PTG_Hikari,,8,,,
PTG_WICKED,,8,,3.0,
PeRo_AZ,,8,,,
PeRo_Aixleft,,8,,,
PeRo_Cui71,,8,,,
PeRo_Myl,,8,,,
SQ_M1ME,,8,4.0,,
SQ_Shrimzy,,8,5.0,,
SQ_TGLTN,,8,4.0,,
SQ_hwinn,,8,5.0,,
SST_Feaven,,8,,,
SST_Imhac,,8,1.0,,
SST_Runax,1.0,8,3.0,3.0,1.0
SST_Tae9,,8,,1.0,
STK_PurdyKurty,,8,,2.0,
STK_Vegas,,8,2.0,3.0,
STK_alow,2.0,8,,2.0,1.0
STK_penta,1.0,8,2.0,2.0,
TWIS_BatulinS,,8,5.0,1.0,
TWIS_Lu,,8,1.0,,
TWIS_Perfect1ks,,8,,,
TWIS_TheTab,,8,2.0,,
TWIS_spyrro,,8,2.0,1.0,
Tian_77owo,,8,,,
Tian_LinShu,,8,,,
Tian_LongSkr,,8,1.0,2.0,2.0
Tian_PaoPao,,8,,3.0,
17_Lilghost,,9,4.0,,
17_SuJiu,1.0,9,1.0,2.0,
17_Xbei,,9,,,
17_xwudd,,9,1.0,,
4AM_CRAZY112,,9,1.0,3.0,
4AM_Summer,,9,,,
4AM_WangZai,,9,4.0,4.0,1.0
4AM_Xiaohaixxxx,,9,7.0,3.0,1.0
4AM_xxxLu,,9,,,
ACE_ItzzChrizZ,,9,,,
ACE_KILYAKAi,,9,,,
ACE_Myca,,9,,,
ACE_braex,,9,,,
CES_HaiSaki,,9,,,
CES_Himass,,9,,,
CES_Taikonn,,9,,,
CES_YmCud,,9,,,
DAY_Belmoth,,9,4.0,1.0,
DAY_Flash,,9,3.0,,
DAY_Nourinz,,9,1.0,,
DAY_PuuChiwz,,9,2.0,1.0,
DNW_Inonix,,9,,,
DNW_Loki,,9,6.0,,
DNW_Salute,,9,,,
DNW_seoul,,9,,,
EXO_Akita,,9,,,
EXO_Hikerman,,9,,,
EXO_Rain,,9,,,
EXO_empt,,9,,,
EXO_kang,,9,,,
FaZe_Fexx,,9,,3.0,
FaZe_Gustav,,9,4.0,5.0,
FaZe_curexi,,9,,3.0,1.0
FaZe_jeemzz,2.0,9,4.0,2.0,3.0
GBL_Glaz,,9,,,
GBL_Gyumin,,9,,,
GBL_Heaven,,9,,,
GBL_Tosi,,9,,,
GEN_DG98,,9,,,
GEN_Foxy,,9,,,
GEN_Pio,,9,,,
GEN_taemin,,9,,,
GEX_Leo,1.0,9,1.0,1.0,1.0
GEX_Savior,,9,,2.0,
GEX_Yuri,,9,3.0,2.0,
GEX_ZhenNan,,9,3.0,2.0,2.0
HOWL_Apocalyp,,9,,,
HOWL_RuerN,,9,4.0,3.0,
HOWL_TheMad,1.0,9,,1.0,2.0
HOWL_scof1eld,,9,,,
III_Adam,,9,1.0,,
III_RichyB,,9,3.0,,
III_Vox,,9,,,
III_oldless,,9,,,
LG_Fludd,,9,,,
LG_Kickstart,,9,,,
LG_Relo,,9,,,
LG_Snakers,,9,,,
NAVI_Mell,,9,,,
NAVI_alya,,9,,,
NAVI_ubah,,9,,,
NAVI_xmpl,,9,,,
NH_HSmm,2.0,9,,4.0,
NH_MMing,,9,,1.0,
NH_Nannnnn,,9,,3.0,
NH_ZpYan1,1.0,9,,2.0,1.0
PLM_BORBO4Tz,,9,,,1.0
PLM_Flukky,,9,,,
PLM_ThanawatTH,,9,,2.0,
PLM_Thunderz,,9,,,
PTG_Adder,,9,2.0,1.0,
PTG_Akad,,9,,,
PTG_Hikari,,9,4.0,2.0,
PTG_WICKED,,9,,,
PeRo_AZ,,9,,,
PeRo_Aixleft,,9,,,
PeRo_Cui71,,9,,,
PeRo_Myl,,9,,,
SQ_M1ME,1.0,9,7.0,6.0,1.0
SQ_Shrimzy,,9,,1.0,
SQ_TGLTN,,9,,2.0,
SQ_hwinn,1.0,9,3.0,4.0,1.0
SST_Feaven,,9,,1.0,3.0
SST_Imhac,2.0,9,2.0,,1.0
SST_Runax,,9,,2.0,2.0
SST_Tae9,1.0,9,2.0,,
STK_PurdyKurty,,9,4.0,3.0,1.0
STK_Vegas,,9,4.0,1.0,4.0
STK_alow,,9,,,
STK_penta,,9,,,1.0
TWIS_BatulinS,,9,10.0,,
TWIS_Lu,,9,7.0,9.0,2.0
TWIS_Perfect1ks,,9,,,
TWIS_TheTab,,9,5.0,4.0,1.0
TWIS_spyrro,,9,5.0,7.0,6.0
Tian_77owo,,9,3.0,2.0,
Tian_LinShu,,9,3.0,3.0,
Tian_LongSkr,1.0,9,2.0,5.0,
Tian_PaoPao,,9,,,
17_Lilghost,,10,3.0,,
17_SuJiu,,10,,,
17_Xbei,,10,4.0,,
17_xwudd,,10,,,
4AM_CRAZY112,1.0,10,5.0,6.0,1.0
4AM_Summer,2.0,10,8.0,6.0,2.0
4AM_WangZai,1.0,10,6.0,2.0,1.0
4AM_Xiaohaixxxx,,10,3.0,,
4AM_xxxLu,,10,,,
ACE_ItzzChrizZ,,10,,,
ACE_KILYAKAi,,10,,,
ACE_Myca,,10,,,
ACE_braex,,10,,,
CES_HaiSaki,,10,,,
CES_Himass,,10,,,
CES_Taikonn,,10,,,
CES_YmCud,,10,,,
DAY_Belmoth,,10,4.0,,
DAY_Flash,,10,3.0,,
DAY_Nourinz,,10,4.0,,
DAY_PuuChiwz,,10,,,
DNW_Inonix,2.0,10,5.0,4.0,1.0
DNW_Loki,,10,,,
DNW_Salute,,10,4.0,3.0,
DNW_seoul,,10,4.0,4.0,
EXO_Akita,,10,,,
EXO_Hikerman,,10,,,
EXO_Rain,,10,,,
EXO_empt,,10,,,
EXO_kang,,10,,,
FaZe_Fexx,2.0,10,4.0,2.0,1.0
FaZe_Gustav,,10,2.0,2.0,2.0
FaZe_curexi,4.0,10,7.0,5.0,2.0
FaZe_jeemzz,1.0,10,4.0,1.0,2.0
GBL_Glaz,,10,,,
GBL_Gyumin,,10,,,
GBL_Heaven,,10,,,
GBL_Tosi,,10,,,
GEN_DG98,,10,,,
GEN_Foxy,,10,,,
GEN_Pio,,10,,,
GEN_taemin,,10,,,
GEX_Leo,,10,,1.0,
GEX_Savior,,10,2.0,2.0,1.0
GEX_Yuri,,10,1.0,,
GEX_ZhenNan,,10,,2.0,1.0
HOWL_Apocalyp,,10,5.0,1.0,
HOWL_RuerN,,10,2.0,1.0,
HOWL_TheMad,,10,2.0,2.0,1.0
HOWL_scof1eld,,10,1.0,1.0,
III_Adam,,10,,,
III_RichyB,,10,1.0,,
III_Vox,,10,1.0,,
III_oldless,,10,6.0,,
LG_Fludd,,10,,,
LG_Kickstart,,10,,,
LG_Relo,,10,,,
LG_Snakers,,10,,,
NAVI_Mell,,10,,,
NAVI_alya,,10,,,
NAVI_ubah,,10,,,
NAVI_xmpl,,10,,,
NH_HSmm,,10,1.0,,
NH_MMing,1.0,10,2.0,2.0,
NH_Nannnnn,,10,1.0,2.0,
NH_ZpYan1,,10,1.0,4.0,
PLM_BORBO4Tz,,10,6.0,,
PLM_Flukky,,10,4.0,1.0,
PLM_ThanawatTH,1.0,10,2.0,,2.0
PLM_Thunderz,2.0,10,4.0,,1.0
PTG_Adder,1.0,10,3.0,2.0,2.0
PTG_Akad,,10,1.0,1.0,
PTG_Hikari,1.0,10,3.0,1.0,
PTG_WICKED,1.0,10,3.0,3.0,1.0
PeRo_AZ,,10,,,
PeRo_Aixleft,,10,,,
PeRo_Cui71,,10,,,
PeRo_Myl,,10,,,
SQ_M1ME,,10,,,
SQ_Shrimzy,,10,1.0,1.0,
SQ_TGLTN,,10,,,
SQ_hwinn,,10,,,
SST_Feaven,1.0,10,3.0,3.0,2.0
SST_Imhac,2.0,10,1.0,2.0,1.0
SST_Runax,,10,2.0,2.0,1.0
SST_Tae9,,10,1.0,2.0,1.0
STK_PurdyKurty,,10,,,
STK_Vegas,,10,,,
STK_alow,,10,,,
STK_penta,,10,,,
TWIS_BatulinS,,10,,,
TWIS_Lu,,10,9.0,,
TWIS_Perfect1ks,,10,,,
TWIS_TheTab,,10,2.0,,
TWIS_spyrro,,10,,,
Tian_77owo,,10,6.0,8.0,
Tian_LinShu,3.0,10,3.0,5.0,3.0
Tian_LongSkr,,10,8.0,3.0,
Tian_PaoPao,,10,1.0,,
17_Lilghost,,11,2.0,5.0,
17_SuJiu,,11,,,
17_Xbei,,11,3.0,2.0,
17_xwudd,,11,1.0,3.0,
4AM_CRAZY112,,11,,1.0,
4AM_Summer,2.0,11,5.0,3.0,1.0
4AM_WangZai,,11,,,
4AM_Xiaohaixxxx,,11,,,
4AM_xxxLu,,11,,,
ACE_ItzzChrizZ,,11,,,
ACE_KILYAKAi,,11,,,
ACE_Myca,,11,,,
ACE_braex,,11,,,
CES_HaiSaki,,11,,,
CES_Himass,,11,,,
CES_Taikonn,,11,,,
CES_YmCud,,11,,,
DAY_Belmoth,,11,8.0,1.0,4.0
DAY_Flash,,11,2.0,,1.0
DAY_Nourinz,,11,,1.0,
DAY_PuuChiwz,,11,,1.0,
DNW_Inonix,,11,1.0,,
DNW_Loki,,11,4.0,2.0,
DNW_Salute,,11,,,
DNW_seoul,,11,,1.0,
EXO_Akita,,11,,,
EXO_Hikerman,,11,,,
EXO_Rain,,11,,,
EXO_empt,,11,,,
EXO_kang,,11,,,
FaZe_Fexx,,11,,,
FaZe_Gustav,,11,,1.0,
FaZe_curexi,,11,3.0,,
FaZe_jeemzz,,11,3.0,,
GBL_Glaz,,11,,,
GBL_Gyumin,,11,,,
GBL_Heaven,,11,,,
GBL_Tosi,,11,,,
GEN_DG98,,11,,,
GEN_Foxy,,11,,,
GEN_Pio,,11,,,
GEN_taemin,,11,,,
GEX_Leo,,11,2.0,3.0,
GEX_Savior,,11,4.0,4.0,
GEX_Yuri,,11,4.0,,
GEX_ZhenNan,,11,8.0,3.0,3.0
HOWL_Apocalyp,,11,5.0,1.0,1.0
HOWL_RuerN,3.0,11,3.0,2.0,
HOWL_TheMad,,11,4.0,2.0,2.0
HOWL_scof1eld,,11,2.0,1.0,1.0
III_Adam,,11,2.0,,
III_RichyB,1.0,11,2.0,2.0,
III_Vox,2.0,11,12.0,4.0,
III_oldless,,11,8.0,,
LG_Fludd,,11,,,
LG_Kickstart,,11,,,
LG_Relo,,11,,,
LG_Snakers,,11,,,
NAVI_Mell,,11,,,
NAVI_alya,,11,,,
NAVI_ubah,,11,,,
NAVI_xmpl,,11,,,
NH_HSmm,,11,,2.0,
NH_MMing,,11,,,
NH_Nannnnn,,11,,,
NH_ZpYan1,,11,,,
PLM_BORBO4Tz,1.0,11,,2.0,2.0
PLM_Flukky,,11,,,1.0
PLM_ThanawatTH,3.0,11,6.0,3.0,1.0
PLM_Thunderz,,11,,,1.0
PTG_Adder,,11,,,
PTG_Akad,,11,,1.0,1.0
PTG_Hikari,,11,,1.0,
PTG_WICKED,,11,,,
PeRo_AZ,,11,,,
PeRo_Aixleft,,11,,,
PeRo_Cui71,,11,,,
PeRo_Myl,,11,,,
SQ_M1ME,,11,4.0,,
SQ_Shrimzy,,11,3.0,2.0,1.0
SQ_TGLTN,,11,3.0,4.0,
SQ_hwinn,,11,1.0,1.0,
SST_Feaven,,11,,,
SST_Imhac,3.0,11,2.0,2.0,
SST_Runax,2.0,11,1.0,,
SST_Tae9,,11,2.0,,1.0
STK_PurdyKurty,,11,5.0,4.0,
STK_Vegas,2.0,11,12.0,4.0,
STK_alow,1.0,11,,1.0,
STK_penta,,11,1.0,2.0,1.0
TWIS_BatulinS,,11,,1.0,1.0
TWIS_Lu,,11,2.0,1.0,1.0
TWIS_Perfect1ks,,11,,,
TWIS_TheTab,,11,,,
TWIS_spyrro,,11,1.0,1.0,
Tian_77owo,,11,6.0,6.0,
Tian_LinShu,,11,2.0,,
Tian_LongSkr,,11,1.0,,
Tian_PaoPao,,11,3.0,5.0,
17_Lilghost,1.0,12,2.0,,
17_SuJiu,,12,,,
17_Xbei,2.0,12,,1.0,
17_xwudd,,12,1.0,2.0,
4AM_CRAZY112,,12,,,
4AM_Summer,,12,1.0,1.0,
4AM_WangZai,,12,,,
4AM_Xiaohaixxxx,,12,,,
4AM_xxxLu,,12,,,
ACE_ItzzChrizZ,,12,,,
ACE_KILYAKAi,,12,,,
ACE_Myca,,12,,,
ACE_braex,,12,,,
CES_HaiSaki,,12,,,
CES_Himass,,12,,,
CES_Taikonn,,12,,,
CES_YmCud,,12,,,
DAY_Belmoth,,12,3.0,1.0,
DAY_Flash,,12,,,
DAY_Nourinz,,12,1.0,,
DAY_PuuChiwz,,12,1.0,,
DNW_Inonix,,12,,,
DNW_Loki,1.0,12,3.0,1.0,
DNW_Salute,,12,2.0,1.0,
DNW_seoul,1.0,12,5.0,2.0,
EXO_Akita,,12,,,
EXO_Hikerman,,12,,,
EXO_Rain,,12,,,
EXO_empt,,12,,,
EXO_kang,,12,,,
FaZe_Fexx,,12,4.0,,
FaZe_Gustav,,12,,,
FaZe_curexi,1.0,12,,,
FaZe_jeemzz,1.0,12,4.0,4.0,
GBL_Glaz,,12,,,
GBL_Gyumin,,12,,,
GBL_Heaven,,12,,,
GBL_Tosi,,12,,,
GEN_DG98,,12,,,
GEN_Foxy,,12,,,
GEN_Pio,,12,,,
GEN_taemin,,12,,,
GEX_Leo,,12,,1.0,
GEX_Savior,,12,1.0,3.0,
GEX_Yuri,,12,,,
GEX_ZhenNan,,12,,1.0,1.0
HOWL_Apocalyp,,12,,,
HOWL_RuerN,,12,,,
HOWL_TheMad,,12,,,
HOWL_scof1eld,,12,,,
III_Adam,1.0,12,,1.0,
III_RichyB,2.0,12,5.0,3.0,1.0
III_Vox,1.0,12,2.0,6.0,3.0
III_oldless,1.0,12,1.0,2.0,1.0
LG_Fludd,,12,,,
LG_Kickstart,,12,,,
LG_Relo,,12,,,
LG_Snakers,,12,,,
NAVI_Mell,,12,,,
NAVI_alya,,12,,,
NAVI_ubah,,12,,,
NAVI_xmpl,,12,,,
NH_HSmm,,12,1.0,1.0,
NH_MMing,,12,3.0,2.0,
NH_Nannnnn,,12,3.0,1.0,
NH_ZpYan1,1.0,12,1.0,,
PLM_BORBO4Tz,,12,2.0,,
PLM_Flukky,,12,,1.0,
PLM_ThanawatTH,,12,1.0,2.0,
PLM_Thunderz,,12,2.0,1.0,
PTG_Adder,,12,1.0,,
PTG_Akad,,12,,,
PTG_Hikari,,12,1.0,,
PTG_WICKED,,12,,,
PeRo_AZ,,12,,,
PeRo_Aixleft,,12,,,
PeRo_Cui71,,12,,,
PeRo_Myl,,12,,,
SQ_M1ME,1.0,12,,,
SQ_Shrimzy,4.0,12,,,
SQ_TGLTN,,12,,,
SQ_hwinn,1.0,12,2.0,3.0,1.0
SST_Feaven,,12,3.0,2.0,
SST_Imhac,,12,,,
SST_Runax,,12,2.0,1.0,1.0
SST_Tae9,1.0,12,3.0,2.0,2.0
STK_PurdyKurty,,12,,,
STK_Vegas,1.0,12,5.0,4.0,
STK_alow,,12,4.0,1.0,2.0
STK_penta,,12,1.0,3.0,3.0
TWIS_BatulinS,,12,5.0,,
TWIS_Lu,,12,1.0,,
TWIS_Perfect1ks,,12,,,
TWIS_TheTab,,12,,,
TWIS_spyrro,1.0,12,1.0,2.0,
Tian_77owo,,12,,1.0,
Tian_LinShu,,12,,,
Tian_LongSkr,,12,,,
Tian_PaoPao,,12,,1.0,
17_Lilghost,,13,4.0,4.0,
17_SuJiu,1.0,13,1.0,2.0,1.0
17_Xbei,,13,2.0,3.0,
17_xwudd,,13,,,
4AM_CRAZY112,,13,,,
4AM_Summer,,13,,,
4AM_WangZai,,13,,,
4AM_Xiaohaixxxx,,13,,,
4AM_xxxLu,,13,,,
ACE_ItzzChrizZ,1.0,13,,,
ACE_KILYAKAi,1.0,13,3.0,2.0,
ACE_Myca,,13,,1.0,
ACE_braex,,13,,,
CES_HaiSaki,,13,,,
CES_Himass,,13,,,
CES_Taikonn,,13,,,
CES_YmCud,,13,,,
DAY_Belmoth,,13,7.0,,
DAY_Flash,,13,7.0,,3.0
DAY_Nourinz,,13,,,
DAY_PuuChiwz,2.0,13,2.0,1.0,
DNW_Inonix,,13,,,
DNW_Loki,,13,,,
DNW_Salute,,13,3.0,,
DNW_seoul,,13,5.0,1.0,
EXO_Akita,1.0,13,,2.0,
EXO_Hikerman,,13,3.0,2.0,
EXO_Rain,,13,9.0,,
EXO_empt,1.0,13,5.0,2.0,1.0
EXO_kang,,13,,,
FaZe_Fexx,,13,,,
FaZe_Gustav,1.0,13,1.0,3.0,5.0
FaZe_curexi,,13,,3.0,1.0
FaZe_jeemzz,,13,,3.0,
GBL_Glaz,1.0,13,4.0,3.0,3.0
GBL_Gyumin,3.0,13,3.0,2.0,8.0
GBL_Heaven,,13,,2.0,2.0
GBL_Tosi,,13,1.0,,
GEN_DG98,,13,,,
GEN_Foxy,,13,2.0,1.0,
GEN_Pio,,13,,,1.0
GEN_taemin,,13,2.0,,
GEX_Leo,,13,,1.0,1.0
GEX_Savior,,13,,,
GEX_Yuri,,13,1.0,,
GEX_ZhenNan,,13,2.0,,
HOWL_Apocalyp,,13,1.0,,
HOWL_RuerN,,13,1.0,,
HOWL_TheMad,,13,2.0,,
HOWL_scof1eld,,13,2.0,,
III_Adam,,13,,,
III_RichyB,,13,,2.0,
III_Vox,,13,,2.0,
III_oldless,,13,1.0,,
LG_Fludd,,13,2.0,1.0,
LG_Kickstart,,13,2.0,8.0,
LG_Relo,,13,4.0,,
LG_Snakers,,13,2.0,,
NAVI_Mell,,13,,,
NAVI_alya,,13,,,
NAVI_ubah,,13,3.0,2.0,
NAVI_xmpl,,13,1.0,,
NH_HSmm,,13,,,
NH_MMing,,13,,,
NH_Nannnnn,,13,,,
NH_ZpYan1,,13,,,
PLM_BORBO4Tz,,13,,,
PLM_Flukky,,13,,,
PLM_ThanawatTH,,13,,,
PLM_Thunderz,,13,,,
PTG_Adder,,13,,,
PTG_Akad,,13,,,
PTG_Hikari,,13,,,
PTG_WICKED,,13,,,
PeRo_AZ,,13,1.0,2.0,
PeRo_Aixleft,,13,3.0,2.0,1.0
PeRo_Cui71,,13,3.0,1.0,
PeRo_Myl,1.0,13,3.0,1.0,
SQ_M1ME,,13,,,
SQ_Shrimzy,,13,,,
SQ_TGLTN,,13,,,
SQ_hwinn,,13,,,
SST_Feaven,,13,,,
SST_Imhac,,13,,,
SST_Runax,,13,,,
SST_Tae9,,13,,,
STK_PurdyKurty,,13,,,
STK_Vegas,,13,,,
STK_alow,,13,,,
STK_penta,,13,,,
TWIS_BatulinS,,13,,,
TWIS_Lu,,13,,,
TWIS_Perfect1ks,,13,,,
TWIS_TheTab,,13,,,
TWIS_spyrro,,13,,,
Tian_77owo,,13,,,
Tian_LinShu,,13,,2.0,
Tian_LongSkr,,13,,1.0,
Tian_PaoPao,,13,2.0,,
17_Lilghost,,14,5.0,5.0,
17_SuJiu,,14,2.0,,
17_Xbei,,14,2.0,3.0,
17_xwudd,,14,2.0,1.0,1.0
4AM_CRAZY112,,14,,,
4AM_Summer,,14,,,
4AM_WangZai,,14,,,
4AM_Xiaohaixxxx,,14,,,
4AM_xxxLu,,14,,,
ACE_ItzzChrizZ,,14,,2.0,2.0
ACE_KILYAKAi,,14,1.0,,
ACE_Myca,1.0,14,5.0,2.0,1.0
ACE_braex,,14,2.0,1.0,
CES_HaiSaki,,14,4.0,2.0,
CES_Himass,,14,3.0,4.0,
CES_Taikonn,2.0,14,2.0,3.0,
CES_YmCud,,14,2.0,,
DAY_Belmoth,,14,,3.0,
DAY_Flash,,14,,1.0,
DAY_Nourinz,,14,,,
DAY_PuuChiwz,,14,,,
DNW_Inonix,,14,1.0,,
DNW_Loki,1.0,14,1.0,1.0,1.0
DNW_Salute,,14,9.0,1.0,
DNW_seoul,,14,7.0,2.0,
EXO_Akita,,14,,,
EXO_Hikerman,,14,,,
EXO_Rain,,14,,,
EXO_empt,,14,3.0,,
EXO_kang,,14,,,
FaZe_Fexx,,14,,,
FaZe_Gustav,,14,,,
FaZe_curexi,,14,,,
FaZe_jeemzz,,14,,1.0,1.0
GBL_Glaz,,14,,,
GBL_Gyumin,,14,3.0,,
GBL_Heaven,,14,,,
GBL_Tosi,,14,,,
GEN_DG98,,14,,,
GEN_Foxy,,14,,,
GEN_Pio,,14,,,
GEN_taemin,,14,,,
GEX_Leo,,14,4.0,2.0,
GEX_Savior,,14,3.0,,
GEX_Yuri,,14,,,
GEX_ZhenNan,,14,4.0,5.0,
HOWL_Apocalyp,,14,4.0,1.0,
HOWL_RuerN,1.0,14,5.0,,1.0
HOWL_TheMad,,14,,1.0,
HOWL_scof1eld,1.0,14,2.0,,
III_Adam,,14,1.0,,
III_RichyB,,14,2.0,,
III_Vox,,14,3.0,1.0,
III_oldless,,14,2.0,,
LG_Fludd,,14,3.0,2.0,
LG_Kickstart,,14,3.0,2.0,2.0
LG_Relo,1.0,14,1.0,3.0,
LG_Snakers,,14,1.0,5.0,
NAVI_Mell,,14,,,
NAVI_alya,,14,,,
NAVI_ubah,,14,,,
NAVI_xmpl,,14,1.0,,
NH_HSmm,,14,,,
NH_MMing,,14,,,
NH_Nannnnn,,14,,,
NH_ZpYan1,,14,,,
PLM_BORBO4Tz,,14,,,
PLM_Flukky,,14,,,
PLM_ThanawatTH,,14,,,
PLM_Thunderz,,14,,,
PTG_Adder,,14,,,
PTG_Akad,,14,,,
PTG_Hikari,,14,,,
PTG_WICKED,,14,,,
PeRo_AZ,,14,2.0,,
PeRo_Aixleft,2.0,14,2.0,3.0,3.0
PeRo_Cui71,,14,2.0,1.0,
PeRo_Myl,1.0,14,5.0,4.0,
SQ_M1ME,,14,,,
SQ_Shrimzy,,14,,,
SQ_TGLTN,,14,,,
SQ_hwinn,,14,,,
SST_Feaven,,14,,,
SST_Imhac,,14,,,
SST_Runax,,14,,,
SST_Tae9,,14,,,
STK_PurdyKurty,,14,,,
STK_Vegas,,14,,,
STK_alow,,14,,,
STK_penta,,14,,,
TWIS_BatulinS,,14,,,
TWIS_Lu,,14,,,
TWIS_Perfect1ks,,14,,,
TWIS_TheTab,,14,,,
TWIS_spyrro,,14,,,
Tian_77owo,1.0,14,2.0,1.0,1.0
Tian_LinShu,,14,,1.0,
Tian_LongSkr,,14,1.0,4.0,1.0
Tian_PaoPao,,14,1.0,1.0,1.0
17_Lilghost,3.0,15,2.0,1.0,2.0
17_SuJiu,,15,2.0,4.0,1.0
17_Xbei,1.0,15,,3.0,
17_xwudd,,15,,,
4AM_CRAZY112,,15,,,
4AM_Summer,,15,,,
4AM_WangZai,,15,,,
4AM_Xiaohaixxxx,,15,,,
4AM_xxxLu,,15,,,
ACE_ItzzChrizZ,3.0,15,,3.0,
ACE_KILYAKAi,,15,,1.0,
ACE_Myca,2.0,15,3.0,1.0,6.0
ACE_braex,,15,,,
CES_HaiSaki,,15,,,
CES_Himass,,15,,,
CES_Taikonn,,15,,,
CES_YmCud,,15,,,
DAY_Belmoth,,15,3.0,4.0,1.0
DAY_Flash,,15,3.0,2.0,
DAY_Nourinz,,15,1.0,2.0,1.0
DAY_PuuChiwz,,15,,,
DNW_Inonix,,15,6.0,2.0,4.0
DNW_Loki,1.0,15,4.0,,
DNW_Salute,3.0,15,8.0,5.0,3.0
DNW_seoul,,15,6.0,2.0,
EXO_Akita,,15,3.0,4.0,
EXO_Hikerman,,15,,2.0,
EXO_Rain,,15,3.0,2.0,
EXO_empt,,15,,,1.0
EXO_kang,,15,,,
FaZe_Fexx,,15,,,
FaZe_Gustav,,15,,,
FaZe_curexi,,15,,,
FaZe_jeemzz,,15,,,
GBL_Glaz,,15,,1.0,1.0
GBL_Gyumin,1.0,15,,4.0,
GBL_Heaven,1.0,15,,4.0,
GBL_Tosi,2.0,15,,2.0,1.0
GEN_DG98,,15,,2.0,1.0
GEN_Foxy,,15,3.0,1.0,2.0
GEN_Pio,,15,,3.0,
GEN_taemin,,15,3.0,1.0,
GEX_Leo,,15,3.0,2.0,
GEX_Savior,,15,1.0,2.0,
GEX_Yuri,,15,3.0,1.0,1.0
GEX_ZhenNan,,15,3.0,2.0,1.0
HOWL_Apocalyp,,15,,,
HOWL_RuerN,,15,,,1.0
HOWL_TheMad,,15,,,
HOWL_scof1eld,1.0,15,,,
III_Adam,,15,,,
III_RichyB,,15,,,
III_Vox,,15,4.0,1.0,
III_oldless,,15,6.0,,
LG_Fludd,,15,2.0,,
LG_Kickstart,,15,1.0,1.0,
LG_Relo,,15,,,
LG_Snakers,,15,,,
NAVI_Mell,,15,,,
NAVI_alya,,15,3.0,3.0,2.0
NAVI_ubah,,15,,,
NAVI_xmpl,1.0,15,1.0,3.0,
NH_HSmm,,15,,,
NH_MMing,,15,,,
NH_Nannnnn,,15,,,
NH_ZpYan1,,15,,,
PLM_BORBO4Tz,,15,,,
PLM_Flukky,,15,,,
PLM_ThanawatTH,,15,,,
PLM_Thunderz,,15,,,
PTG_Adder,,15,,,
PTG_Akad,,15,,,
PTG_Hikari,,15,,,
PTG_WICKED,,15,,,
PeRo_AZ,1.0,15,,1.0,4.0
PeRo_Aixleft,,15,,4.0,1.0
PeRo_Cui71,,15,2.0,4.0,
PeRo_Myl,,15,1.0,3.0,
SQ_M1ME,,15,,,
SQ_Shrimzy,,15,,,
SQ_TGLTN,,15,,,
SQ_hwinn,,15,,,
SST_Feaven,,15,,,
SST_Imhac,,15,,,
SST_Runax,,15,,,
SST_Tae9,,15,,,
STK_PurdyKurty,,15,,,
STK_Vegas,,15,,,
STK_alow,,15,,,
STK_penta,,15,,,
TWIS_BatulinS,,15,,,
TWIS_Lu,,15,,,
TWIS_Perfect1ks,,15,,,
TWIS_TheTab,,15,,,
TWIS_spyrro,,15,,,
Tian_77owo,,15,1.0,4.0,
Tian_LinShu,1.0,15,,1.0,4.0
Tian_LongSkr,,15,,,
Tian_PaoPao,,15,1.0,2.0,
17_Lilghost,,16,2.0,,
17_SuJiu,,16,,,
17_Xbei,,16,,,
17_xwudd,,16,,,
4AM_CRAZY112,,16,,,
4AM_Summer,,16,,,
4AM_WangZai,,16,,,
4AM_Xiaohaixxxx,,16,,,
4AM_xxxLu,,16,,,
ACE_ItzzChrizZ,,16,,,
ACE_KILYAKAi,,16,1.0,1.0,
ACE_Myca,2.0,16,1.0,,1.0
ACE_braex,,16,4.0,1.0,
CES_HaiSaki,,16,9.0,5.0,1.0
CES_Himass,1.0,16,1.0,3.0,
CES_Taikonn,,16,3.0,,1.0
CES_YmCud,1.0,16,11.0,5.0,4.0
DAY_Belmoth,,16,9.0,,
DAY_Flash,,16,3.0,1.0,
DAY_Nourinz,,16,2.0,,
DAY_PuuChiwz,,16,1.0,,
DNW_Inonix,,16,2.0,4.0,2.0
DNW_Loki,,16,3.0,3.0,1.0
DNW_Salute,1.0,16,6.0,1.0,
DNW_seoul,,16,6.0,3.0,
EXO_Akita,,16,1.0,4.0,1.0
EXO_Hikerman,,16,1.0,3.0,
EXO_Rain,,16,2.0,5.0,
EXO_empt,1.0,16,6.0,5.0,2.0
EXO_kang,,16,,,
FaZe_Fexx,,16,,,
FaZe_Gustav,,16,,,
FaZe_curexi,,16,,,
FaZe_jeemzz,,16,1.0,,
GBL_Glaz,,16,,,
GBL_Gyumin,,16,4.0,1.0,
GBL_Heaven,1.0,16,5.0,1.0,1.0
GBL_Tosi,,16,2.0,1.0,
GEN_DG98,,16,,,
GEN_Foxy,,16,1.0,,
GEN_Pio,,16,,1.0,
GEN_taemin,,16,,,
GEX_Leo,,16,,,
GEX_Savior,,16,,1.0,
GEX_Yuri,,16,,,
GEX_ZhenNan,,16,1.0,,
HOWL_Apocalyp,,16,1.0,,
HOWL_RuerN,,16,1.0,,
HOWL_TheMad,,16,1.0,,
HOWL_scof1eld,,16,1.0,,
III_Adam,,16,3.0,,
III_RichyB,,16,1.0,,
III_Vox,,16,4.0,1.0,
III_oldless,,16,2.0,,
LG_Fludd,,16,1.0,,
LG_Kickstart,1.0,16,5.0,4.0,
LG_Relo,1.0,16,6.0,1.0,1.0
LG_Snakers,,16,3.0,1.0,
NAVI_Mell,,16,,,
NAVI_alya,2.0,16,3.0,1.0,
NAVI_ubah,,16,3.0,1.0,
NAVI_xmpl,,16,,,
NH_HSmm,,16,,,
NH_MMing,,16,,,
NH_Nannnnn,,16,,,
NH_ZpYan1,,16,,,
PLM_BORBO4Tz,,16,,,
PLM_Flukky,,16,,,
PLM_ThanawatTH,,16,,,
PLM_Thunderz,,16,,,
PTG_Adder,,16,,,
PTG_Akad,,16,,,
PTG_Hikari,,16,,,
PTG_WICKED,,16,,,
PeRo_AZ,,16,,3.0,1.0
PeRo_Aixleft,,16,2.0,3.0,
PeRo_Cui71,,16,3.0,3.0,2.0
PeRo_Myl,,16,3.0,6.0,
SQ_M1ME,,16,,,
SQ_Shrimzy,,16,,,
SQ_TGLTN,,16,,,
SQ_hwinn,,16,,,
SST_Feaven,,16,,,
SST_Imhac,,16,,,
SST_Runax,,16,,,
SST_Tae9,,16,,,
STK_PurdyKurty,,16,,,
STK_Vegas,,16,,,
STK_alow,,16,,,
STK_penta,,16,,,
TWIS_BatulinS,,16,,,
TWIS_Lu,,16,,,
TWIS_Perfect1ks,,16,,,
TWIS_TheTab,,16,,,
TWIS_spyrro,,16,,,
Tian_77owo,,16,1.0,3.0,
Tian_LinShu,,16,,,
Tian_LongSkr,,16,1.0,1.0,
Tian_PaoPao,,16,,,
17_Lilghost,2.0,17,6.0,2.0,
17_SuJiu,1.0,17,2.0,2.0,1.0
17_Xbei,1.0,17,8.0,2.0,
17_xwudd,,17,,,
4AM_CRAZY112,,17,,,
4AM_Summer,,17,,,
4AM_WangZai,,17,,,
4AM_Xiaohaixxxx,,17,,,
4AM_xxxLu,,17,,,
ACE_ItzzChrizZ,,17,,,
ACE_KILYAKAi,1.0,17,,1.0,
ACE_Myca,,17,,,
ACE_braex,,17,,,
CES_HaiSaki,,17,,,
CES_Himass,,17,,,
CES_Taikonn,,17,,,
CES_YmCud,,17,,,
DAY_Belmoth,1.0,17,6.0,3.0,3.0
DAY_Flash,1.0,17,5.0,1.0,4.0
DAY_Nourinz,1.0,17,3.0,3.0,3.0
DAY_PuuChiwz,2.0,17,5.0,,4.0
DNW_Inonix,1.0,17,3.0,2.0,3.0
DNW_Loki,2.0,17,7.0,2.0,5.0
DNW_Salute,,17,7.0,,2.0
DNW_seoul,1.0,17,5.0,3.0,3.0
EXO_Akita,,17,,,
EXO_Hikerman,,17,2.0,2.0,2.0
EXO_Rain,,17,5.0,,4.0
EXO_empt,,17,,,
EXO_kang,,17,,,
FaZe_Fexx,1.0,17,5.0,2.0,1.0
FaZe_Gustav,,17,2.0,,
FaZe_curexi,3.0,17,6.0,5.0,
FaZe_jeemzz,,17,2.0,,
GBL_Glaz,1.0,17,6.0,,4.0
GBL_Gyumin,,17,3.0,1.0,2.0
GBL_Heaven,1.0,17,2.0,3.0,1.0
GBL_Tosi,1.0,17,2.0,4.0,2.0
GEN_DG98,1.0,17,7.0,2.0,5.0
GEN_Foxy,,17,,2.0,
GEN_Pio,2.0,17,,2.0,2.0
GEN_taemin,,17,,1.0,1.0
GEX_Leo,,17,3.0,,
GEX_Savior,,17,3.0,,
GEX_Yuri,,17,4.0,,
GEX_ZhenNan,,17,,,
HOWL_Apocalyp,,17,,,
HOWL_RuerN,,17,,,
HOWL_TheMad,,17,,,
HOWL_scof1eld,,17,,,
III_Adam,,17,2.0,,1.0
III_RichyB,,17,2.0,3.0,2.0
III_Vox,,17,3.0,2.0,
III_oldless,,17,3.0,,
LG_Fludd,,17,5.0,,
LG_Kickstart,1.0,17,5.0,1.0,2.0
LG_Relo,2.0,17,1.0,,
LG_Snakers,,17,1.0,2.0,
NAVI_Mell,1.0,17,2.0,1.0,3.0
NAVI_alya,,17,4.0,1.0,4.0
NAVI_ubah,,17,6.0,3.0,2.0
NAVI_xmpl,2.0,17,5.0,1.0,
NH_HSmm,,17,,,
NH_MMing,,17,,,
NH_Nannnnn,,17,,,
NH_ZpYan1,,17,,,
PLM_BORBO4Tz,,17,,,
PLM_Flukky,,17,,,
PLM_ThanawatTH,,17,,,
PLM_Thunderz,,17,,,
PTG_Adder,,17,,,
PTG_Akad,,17,,,
PTG_Hikari,,17,,,
PTG_WICKED,,17,,,
PeRo_AZ,,17,3.0,4.0,
PeRo_Aixleft,,17,3.0,2.0,
PeRo_Cui71,,17,3.0,2.0,
PeRo_Myl,,17,4.0,2.0,
SQ_M1ME,,17,,,
SQ_Shrimzy,,17,,,
SQ_TGLTN,,17,,,
SQ_hwinn,,17,,,
SST_Feaven,,17,,,
SST_Imhac,,17,,,
SST_Runax,,17,,,
SST_Tae9,,17,,,
STK_PurdyKurty,,17,,,
STK_Vegas,,17,,,
STK_alow,,17,,,
STK_penta,,17,,,
TWIS_BatulinS,,17,,,
TWIS_Lu,,17,,,
TWIS_Perfect1ks,,17,,,
TWIS_TheTab,,17,,,
TWIS_spyrro,,17,,,
Tian_77owo,,17,,,
Tian_LinShu,,17,,,
Tian_LongSkr,,17,,,
Tian_PaoPao,,17,,,
17_Lilghost,,18,4.0,3.0,
17_SuJiu,,18,,1.0,
17_Xbei,,18,,,
17_xwudd,,18,2.0,,1.0
4AM_CRAZY112,,18,,,
4AM_Summer,,18,,,
4AM_WangZai,,18,,,
4AM_Xiaohaixxxx,,18,,,
4AM_xxxLu,,18,,,
ACE_ItzzChrizZ,,18,4.0,,
ACE_KILYAKAi,,18,1.0,,1.0
ACE_Myca,,18,6.0,1.0,1.0
ACE_braex,,18,,2.0,
CES_HaiSaki,,18,1.0,,
CES_Himass,,18,,,
CES_Taikonn,1.0,18,5.0,7.0,
CES_YmCud,1.0,18,4.0,,3.0
DAY_Belmoth,2.0,18,3.0,2.0,4.0
DAY_Flash,,18,,,
DAY_Nourinz,2.0,18,4.0,6.0,2.0
DAY_PuuChiwz,,18,3.0,2.0,
DNW_Inonix,3.0,18,5.0,5.0,1.0
DNW_Loki,,18,3.0,2.0,3.0
DNW_Salute,,18,,,
DNW_seoul,,18,4.0,5.0,1.0
EXO_Akita,,18,,,
EXO_Hikerman,,18,,,
EXO_Rain,,18,,,
EXO_empt,,18,,,
EXO_kang,,18,,,
FaZe_Fexx,1.0,18,,1.0,
FaZe_Gustav,,18,2.0,,
FaZe_curexi,,18,3.0,,
FaZe_jeemzz,,18,,,
GBL_Glaz,,18,2.0,3.0,
GBL_Gyumin,,18,6.0,1.0,
GBL_Heaven,,18,4.0,2.0,1.0
GBL_Tosi,,18,,,
GEN_DG98,,18,1.0,,
GEN_Foxy,,18,4.0,,
GEN_Pio,,18,6.0,2.0,
GEN_taemin,,18,,,
GEX_Leo,1.0,18,,,
GEX_Savior,1.0,18,4.0,1.0,4.0
GEX_Yuri,,18,2.0,3.0,
GEX_ZhenNan,2.0,18,6.0,3.0,3.0
HOWL_Apocalyp,,18,,,
HOWL_RuerN,,18,1.0,5.0,2.0
HOWL_TheMad,,18,12.0,,
HOWL_scof1eld,,18,,,
III_Adam,,18,,1.0,
III_RichyB,,18,,1.0,
III_Vox,,18,3.0,,
III_oldless,,18,3.0,,
LG_Fludd,1.0,18,6.0,,2.0
LG_Kickstart,2.0,18,5.0,5.0,1.0
LG_Relo,,18,,,
LG_Snakers,2.0,18,1.0,1.0,3.0
NAVI_Mell,1.0,18,,,
NAVI_alya,1.0,18,,,
NAVI_ubah,2.0,18,,2.0,
NAVI_xmpl,,18,,,
NH_HSmm,,18,,,
NH_MMing,,18,,,
NH_Nannnnn,,18,,,
NH_ZpYan1,,18,,,
PLM_BORBO4Tz,,18,,,
PLM_Flukky,,18,,,
PLM_ThanawatTH,,18,,,
PLM_Thunderz,,18,,,
PTG_Adder,,18,,,
PTG_Akad,,18,,,
PTG_Hikari,,18,,,
PTG_WICKED,,18,,,
PeRo_AZ,,18,2.0,,1.0
PeRo_Aixleft,,18,3.0,1.0,
PeRo_Cui71,,18,3.0,,
PeRo_Myl,,18,1.0,1.0,
SQ_M1ME,,18,,,
SQ_Shrimzy,,18,,,
SQ_TGLTN,,18,,,
SQ_hwinn,,18,,,
SST_Feaven,,18,,,
SST_Imhac,,18,,,
SST_Runax,,18,,,
SST_Tae9,,18,,,
STK_PurdyKurty,,18,,,
STK_Vegas,,18,,,
STK_alow,,18,,,
STK_penta,,18,,,
TWIS_BatulinS,,18,,,
TWIS_Lu,,18,,,
TWIS_Perfect1ks,,18,,,
TWIS_TheTab,,18,,,
TWIS_spyrro,,18,,,
Tian_77owo,,18,,,
Tian_LinShu,,18,,,
Tian_LongSkr,,18,,,
Tian_PaoPao,,18,1.0,,
