character_name,Item_Heal_MedKit,match_id,Item_Heal_FirstAid_C,Item_Heal_Bandage_C,Item_Boost_AdrenalineSyringe_C,Item_Boost_PainKiller_C,Item_Boost_EnergyDrink_C,Item_Weapon_Molotov_C,Item_Weapon_SmokeBomb_C,Item_Weapon_FlashBang_C,Item_Weapon_Grenade_C
17_Lilghost,,1,,,,,,,,,
17_SuJiu,,1,,,,,,,,,
17_Xbei,,1,,,,,,,,,
17_xwudd,,1,,,,,,,,,
4AM_CRAZY112,1.0,1,7.0,1.0,1.0,3.0,2.0,1.0,6.0,3.0,3.0
4AM_Summer,,1,5.0,1.0,,2.0,2.0,,6.0,3.0,5.0
4AM_WangZai,,1,,,,,,,,,
4AM_Xiaohaixxxx,1.0,1,4.0,1.0,,3.0,2.0,2.0,3.0,5.0,1.0
4AM_xxxLu,,1,5.0,1.0,,4.0,5.0,2.0,4.0,1.0,7.0
ACE_ItzzChrizZ,,1,5.0,,1.0,,3.0,3.0,2.0,5.0,
ACE_KILYAKAi,,1,5.0,4.0,,,8.0,2.0,4.0,3.0,3.0
ACE_Myca,,1,4.0,1.0,,,6.0,2.0,5.0,11.0,2.0
ACE_braex,,1,3.0,2.0,,2.0,6.0,1.0,6.0,2.0,2.0
CES_HaiSaki,,1,5.0,4.0,,2.0,5.0,,4.0,3.0,3.0
CES_Himass,,1,4.0,1.0,,3.0,5.0,2.0,4.0,2.0,2.0
CES_Taikonn,,1,,,,,,,,,
CES_YmCud,,1,4.0,3.0,,3.0,4.0,,10.0,5.0,2.0
DAY_Belmoth,,1,,,,,,,,,
DAY_Flash,,1,,,,,,,,,
DAY_Nourinz,,1,,,,,,,,,
DAY_PuuChiwz,,1,,,,,,,,,
DNW_Inonix,,1,,,,,,,,,
DNW_Loki,,1,,,,,,,,,
DNW_Salute,,1,,,,,,,,,
DNW_seoul,,1,,,,,,,,,
EXO_Akita,1.0,1,4.0,2.0,,3.0,9.0,5.0,8.0,7.0,5.0
EXO_Hikerman,,1,,,,,,,,,
EXO_Rain,,1,3.0,1.0,1.0,,7.0,2.0,6.0,4.0,1.0
EXO_empt,3.0,1,7.0,1.0,1.0,3.0,13.0,7.0,11.0,12.0,6.0
EXO_kang,1.0,1,3.0,,1.0,4.0,3.0,1.0,5.0,10.0,2.0
FaZe_Fexx,,1,,,,,,,,,
FaZe_Gustav,,1,,,,,,,,,
FaZe_curexi,,1,,,,,,,,,
FaZe_jeemzz,,1,,,,,,,,,
GBL_Glaz,,1,3.0,1.0,1.0,2.0,2.0,1.0,3.0,2.0,4.0
GBL_Gyumin,1.0,1,4.0,1.0,,5.0,6.0,,4.0,4.0,3.0
GBL_Heaven,,1,5.0,,,4.0,5.0,1.0,5.0,2.0,3.0
GBL_Tosi,1.0,1,5.0,1.0,,4.0,4.0,1.0,3.0,2.0,6.0
GEN_DG98,,1,5.0,4.0,,2.0,2.0,2.0,4.0,4.0,1.0
GEN_Foxy,,1,6.0,,,1.0,4.0,1.0,3.0,1.0,2.0
GEN_Pio,1.0,1,4.0,2.0,1.0,1.0,4.0,1.0,2.0,3.0,6.0
GEN_taemin,,1,5.0,1.0,,1.0,4.0,2.0,4.0,2.0,1.0
GEX_Leo,,1,,,,,,,,,
GEX_Savior,,1,,,,,,,,,
GEX_Yuri,,1,,,,,,,,,
GEX_ZhenNan,,1,,,,,,,,,
HOWL_Apocalyp,,1,,,,,,,,,
HOWL_RuerN,,1,,,,,,,,,
HOWL_TheMad,,1,,,,,,,,,
HOWL_scof1eld,,1,,,,,,,,,
III_Adam,,1,,,,,,,,,
III_RichyB,,1,,,,,,,,,
III_Vox,,1,,,,,,,,,
III_oldless,,1,,,,,,,,,
LG_Fludd,,1,4.0,2.0,,2.0,6.0,2.0,2.0,5.0,1.0
LG_Kickstart,,1,2.0,1.0,1.0,2.0,,2.0,2.0,4.0,1.0
LG_Relo,,1,5.0,2.0,,3.0,5.0,,6.0,2.0,
LG_Snakers,,1,5.0,2.0,,2.0,4.0,1.0,3.0,6.0,2.0
NAVI_Mell,,1,7.0,2.0,,5.0,3.0,,6.0,9.0,6.0
NAVI_alya,,1,4.0,2.0,,3.0,7.0,,6.0,3.0,6.0
NAVI_ubah,1.0,1,9.0,2.0,,1.0,9.0,,10.0,5.0,2.0
NAVI_xmpl,,1,5.0,2.0,,3.0,6.0,,6.0,5.0,3.0
NH_HSmm,1.0,1,3.0,1.0,1.0,3.0,7.0,,8.0,7.0,6.0
NH_MMing,,1,5.0,2.0,,3.0,7.0,2.0,3.0,7.0,3.0
NH_Nannnnn,,1,3.0,1.0,,1.0,4.0,1.0,3.0,2.0,4.0
NH_ZpYan1,1.0,1,3.0,1.0,,1.0,7.0,1.0,3.0,2.0,4.0
PLM_BORBO4Tz,1.0,1,4.0,2.0,,,5.0,1.0,2.0,2.0,1.0
PLM_Flukky,,1,3.0,2.0,,,3.0,1.0,6.0,2.0,1.0
PLM_ThanawatTH,,1,5.0,1.0,,2.0,2.0,3.0,2.0,3.0,1.0
PLM_Thunderz,,1,5.0,1.0,,4.0,3.0,3.0,3.0,3.0,2.0
PTG_Adder,,1,,1.0,,,2.0,2.0,,2.0,4.0
PTG_Akad,1.0,1,5.0,2.0,,3.0,1.0,1.0,15.0,2.0,3.0
PTG_Hikari,,1,6.0,1.0,,4.0,8.0,1.0,5.0,3.0,2.0
PTG_WICKED,,1,5.0,7.0,,3.0,2.0,1.0,5.0,3.0,2.0
PeRo_AZ,,1,4.0,3.0,,2.0,5.0,1.0,2.0,4.0,
PeRo_Aixleft,,1,5.0,2.0,,2.0,6.0,2.0,3.0,2.0,5.0
PeRo_Cui71,1.0,1,4.0,1.0,1.0,3.0,4.0,1.0,2.0,2.0,1.0
PeRo_Myl,,1,3.0,3.0,,2.0,5.0,,7.0,3.0,4.0
SQ_M1ME,,1,6.0,3.0,1.0,4.0,2.0,,4.0,2.0,5.0
SQ_Shrimzy,,1,4.0,3.0,1.0,1.0,6.0,,7.0,3.0,1.0
SQ_TGLTN,2.0,1,3.0,1.0,1.0,6.0,3.0,2.0,4.0,6.0,6.0
SQ_hwinn,,1,6.0,1.0,,1.0,7.0,,3.0,4.0,2.0
SST_Feaven,,1,4.0,1.0,,2.0,3.0,,4.0,2.0,2.0
SST_Imhac,,1,8.0,1.0,1.0,,1.0,2.0,,3.0,2.0
SST_Runax,1.0,1,3.0,1.0,,4.0,3.0,,3.0,1.0,
SST_Tae9,1.0,1,3.0,2.0,,4.0,1.0,1.0,1.0,10.0,3.0
STK_PurdyKurty,1.0,1,2.0,1.0,,2.0,5.0,1.0,3.0,2.0,8.0
STK_Vegas,,1,8.0,2.0,,1.0,9.0,1.0,6.0,3.0,1.0
STK_alow,,1,6.0,1.0,,1.0,8.0,1.0,5.0,1.0,
STK_penta,,1,4.0,3.0,,2.0,9.0,,4.0,2.0,2.0
TWIS_BatulinS,1.0,1,4.0,4.0,1.0,4.0,5.0,2.0,3.0,4.0,4.0
TWIS_Lu,,1,3.0,6.0,,3.0,1.0,2.0,4.0,2.0,2.0
TWIS_Perfect1ks,,1,5.0,3.0,,1.0,5.0,1.0,7.0,,2.0
TWIS_TheTab,,1,,,,,,,,,
TWIS_spyrro,,1,6.0,2.0,1.0,1.0,3.0,,5.0,4.0,4.0
Tian_77owo,,1,,,,,,,,,
Tian_LinShu,,1,,,,,,,,,
Tian_LongSkr,,1,,,,,,,,,
Tian_PaoPao,,1,,,,,,,,,
17_Lilghost,,2,,,,,,,,,
17_SuJiu,,2,,,,,,,,,
17_Xbei,,2,,,,,,,,,
17_xwudd,,2,,,,,,,,,
4AM_CRAZY112,1.0,2,6.0,1.0,1.0,1.0,9.0,3.0,10.0,3.0,4.0
4AM_Summer,,2,7.0,2.0,,4.0,4.0,1.0,5.0,3.0,2.0
4AM_WangZai,,2,,,,,,,,,
4AM_Xiaohaixxxx,1.0,2,6.0,1.0,,1.0,7.0,,9.0,6.0,3.0
4AM_xxxLu,1.0,2,4.0,2.0,,3.0,6.0,1.0,4.0,2.0,1.0
ACE_ItzzChrizZ,,2,4.0,1.0,,,2.0,1.0,4.0,2.0,2.0
ACE_KILYAKAi,,2,4.0,1.0,,3.0,6.0,1.0,4.0,1.0,1.0
ACE_Myca,1.0,2,4.0,5.0,,2.0,1.0,2.0,9.0,2.0,1.0
ACE_braex,,2,5.0,1.0,,4.0,2.0,1.0,2.0,,3.0
CES_HaiSaki,,2,4.0,2.0,,2.0,4.0,,7.0,3.0,6.0
CES_Himass,,2,6.0,1.0,,3.0,3.0,,9.0,2.0,4.0
CES_Taikonn,,2,4.0,2.0,,3.0,3.0,2.0,5.0,,1.0
CES_YmCud,,2,4.0,1.0,,3.0,6.0,2.0,4.0,1.0,7.0
DAY_Belmoth,,2,,,,,,,,,
DAY_Flash,,2,,,,,,,,,
DAY_Nourinz,,2,,,,,,,,,
DAY_PuuChiwz,,2,,,,,,,,,
DNW_Inonix,,2,,,,,,,,,
DNW_Loki,,2,,,,,,,,,
DNW_Salute,,2,,,,,,,,,
DNW_seoul,,2,,,,,,,,,
EXO_Akita,,2,5.0,1.0,,,6.0,1.0,7.0,1.0,2.0
EXO_Hikerman,,2,,,,,,,,,
EXO_Rain,,2,5.0,1.0,,1.0,5.0,,3.0,,3.0
EXO_empt,,2,4.0,1.0,,1.0,7.0,1.0,4.0,3.0,3.0
EXO_kang,,2,4.0,1.0,,4.0,2.0,1.0,7.0,1.0,2.0
FaZe_Fexx,,2,,,,,,,,,
FaZe_Gustav,,2,,,,,,,,,
FaZe_curexi,,2,,,,,,,,,
FaZe_jeemzz,,2,,,,,,,,,
GBL_Glaz,,2,4.0,1.0,,1.0,3.0,1.0,7.0,2.0,1.0
GBL_Gyumin,,2,4.0,2.0,1.0,2.0,3.0,1.0,5.0,1.0,2.0
GBL_Heaven,,2,4.0,2.0,,3.0,5.0,2.0,2.0,3.0,3.0
GBL_Tosi,,2,4.0,2.0,1.0,1.0,4.0,,6.0,3.0,1.0
GEN_DG98,3.0,2,5.0,5.0,,2.0,3.0,,1.0,,1.0
GEN_Foxy,,2,3.0,1.0,,,6.0,3.0,6.0,3.0,4.0
GEN_Pio,,2,5.0,1.0,1.0,1.0,4.0,1.0,2.0,,1.0
GEN_taemin,,2,4.0,2.0,,3.0,5.0,1.0,1.0,2.0,3.0
GEX_Leo,,2,,,,,,,,,
GEX_Savior,,2,,,,,,,,,
GEX_Yuri,,2,,,,,,,,,
GEX_ZhenNan,,2,,,,,,,,,
HOWL_Apocalyp,,2,,,,,,,,,
HOWL_RuerN,,2,,,,,,,,,
HOWL_TheMad,,2,,,,,,,,,
HOWL_scof1eld,,2,,,,,,,,,
III_Adam,,2,,,,,,,,,
III_RichyB,,2,,,,,,,,,
III_Vox,,2,,,,,,,,,
III_oldless,,2,,,,,,,,,
LG_Fludd,,2,4.0,2.0,,1.0,5.0,,4.0,3.0,
LG_Kickstart,1.0,2,3.0,2.0,,2.0,3.0,3.0,5.0,6.0,3.0
LG_Relo,,2,5.0,2.0,,,7.0,1.0,8.0,2.0,4.0
LG_Snakers,1.0,2,4.0,3.0,,6.0,9.0,,4.0,,6.0
NAVI_Mell,5.0,2,11.0,1.0,1.0,,2.0,2.0,9.0,5.0,3.0
NAVI_alya,2.0,2,13.0,6.0,,5.0,7.0,2.0,5.0,3.0,5.0
NAVI_ubah,,2,9.0,3.0,,3.0,9.0,3.0,13.0,5.0,9.0
NAVI_xmpl,,2,13.0,5.0,,4.0,5.0,2.0,8.0,4.0,3.0
NH_HSmm,,2,4.0,1.0,,1.0,5.0,2.0,7.0,1.0,3.0
NH_MMing,,2,4.0,1.0,,1.0,6.0,,5.0,1.0,3.0
NH_Nannnnn,,2,4.0,1.0,,2.0,8.0,,3.0,1.0,3.0
NH_ZpYan1,,2,4.0,1.0,,2.0,3.0,2.0,7.0,4.0,5.0
PLM_BORBO4Tz,,2,4.0,2.0,,1.0,4.0,1.0,2.0,2.0,3.0
PLM_Flukky,,2,4.0,2.0,,2.0,5.0,2.0,4.0,,
PLM_ThanawatTH,,2,5.0,2.0,,3.0,3.0,,7.0,,3.0
PLM_Thunderz,,2,7.0,1.0,,1.0,7.0,1.0,5.0,2.0,4.0
PTG_Adder,,2,,,,,,,,,
PTG_Akad,,2,3.0,,,,3.0,2.0,1.0,,1.0
PTG_Hikari,,2,3.0,,,1.0,,1.0,1.0,,
PTG_WICKED,,2,1.0,,,,1.0,1.0,,,1.0
PeRo_AZ,,2,6.0,2.0,,2.0,5.0,1.0,3.0,1.0,5.0
PeRo_Aixleft,3.0,2,3.0,3.0,,1.0,2.0,,5.0,1.0,2.0
PeRo_Cui71,,2,,1.0,,,,1.0,,1.0,
PeRo_Myl,,2,4.0,1.0,,,1.0,3.0,1.0,1.0,1.0
SQ_M1ME,,2,7.0,2.0,,6.0,3.0,1.0,7.0,1.0,2.0
SQ_Shrimzy,1.0,2,4.0,2.0,,2.0,4.0,1.0,8.0,4.0,3.0
SQ_TGLTN,,2,3.0,1.0,,3.0,4.0,,6.0,1.0,2.0
SQ_hwinn,1.0,2,3.0,4.0,1.0,1.0,2.0,2.0,4.0,2.0,1.0
SST_Feaven,1.0,2,4.0,,1.0,1.0,4.0,,2.0,,3.0
SST_Imhac,,2,4.0,,,3.0,1.0,1.0,1.0,3.0,2.0
SST_Runax,,2,4.0,2.0,,1.0,4.0,,3.0,3.0,2.0
SST_Tae9,,2,6.0,2.0,,4.0,5.0,1.0,8.0,3.0,2.0
STK_PurdyKurty,2.0,2,3.0,1.0,,3.0,4.0,,4.0,2.0,4.0
STK_Vegas,,2,5.0,3.0,,2.0,3.0,,5.0,2.0,7.0
STK_alow,,2,5.0,1.0,,2.0,1.0,1.0,3.0,2.0,3.0
STK_penta,,2,5.0,2.0,,4.0,4.0,,7.0,2.0,3.0
TWIS_BatulinS,,2,8.0,,,,1.0,,2.0,2.0,1.0
TWIS_Lu,,2,,,,,,,,,
TWIS_Perfect1ks,,2,4.0,4.0,,1.0,2.0,1.0,,,
TWIS_TheTab,,2,,,,,,,,,
TWIS_spyrro,,2,3.0,6.0,,,2.0,2.0,5.0,3.0,2.0
Tian_77owo,,2,,,,,,,,,
Tian_LinShu,,2,,,,,,,,,
Tian_LongSkr,,2,,,,,,,,,
Tian_PaoPao,,2,,,,,,,,,
17_Lilghost,,3,,,,,,,,,
17_SuJiu,,3,,,,,,,,,
17_Xbei,,3,,,,,,,,,
17_xwudd,,3,,,,,,,,,
4AM_CRAZY112,,3,3.0,1.0,1.0,3.0,5.0,1.0,6.0,4.0,3.0
4AM_Summer,1.0,3,3.0,,1.0,3.0,1.0,2.0,,3.0,4.0
4AM_WangZai,,3,,,,,,,,,
4AM_Xiaohaixxxx,,3,4.0,1.0,,5.0,5.0,1.0,3.0,4.0,2.0
4AM_xxxLu,1.0,3,4.0,1.0,,2.0,3.0,,1.0,1.0,2.0
ACE_ItzzChrizZ,,3,4.0,1.0,,2.0,2.0,1.0,3.0,2.0,5.0
ACE_KILYAKAi,,3,5.0,3.0,,4.0,6.0,,9.0,6.0,1.0
ACE_Myca,1.0,3,7.0,6.0,,1.0,11.0,2.0,7.0,4.0,8.0
ACE_braex,,3,3.0,1.0,,1.0,4.0,2.0,5.0,2.0,3.0
CES_HaiSaki,,3,4.0,1.0,,,3.0,2.0,6.0,1.0,1.0
CES_Himass,,3,4.0,1.0,,2.0,5.0,1.0,2.0,4.0,1.0
CES_Taikonn,,3,4.0,2.0,,,6.0,,3.0,1.0,
CES_YmCud,1.0,3,4.0,1.0,1.0,2.0,1.0,2.0,6.0,2.0,
DAY_Belmoth,,3,,,,,,,,,
DAY_Flash,,3,,,,,,,,,
DAY_Nourinz,,3,,,,,,,,,
DAY_PuuChiwz,,3,,,,,,,,,
DNW_Inonix,,3,,,,,,,,,
DNW_Loki,,3,,,,,,,,,
DNW_Salute,,3,,,,,,,,,
DNW_seoul,,3,,,,,,,,,
EXO_Akita,1.0,3,4.0,1.0,,2.0,3.0,,7.0,3.0,3.0
EXO_Hikerman,,3,,,,,,,,,
EXO_Rain,,3,4.0,1.0,,2.0,5.0,2.0,7.0,3.0,3.0
EXO_empt,2.0,3,7.0,1.0,1.0,2.0,8.0,1.0,4.0,4.0,4.0
EXO_kang,,3,5.0,1.0,,1.0,5.0,2.0,5.0,8.0,2.0
FaZe_Fexx,,3,,,,,,,,,
FaZe_Gustav,,3,,,,,,,,,
FaZe_curexi,,3,,,,,,,,,
FaZe_jeemzz,,3,,,,,,,,,
GBL_Glaz,,3,5.0,1.0,,2.0,7.0,1.0,5.0,1.0,
GBL_Gyumin,,3,6.0,4.0,,2.0,2.0,1.0,5.0,11.0,1.0
GBL_Heaven,,3,4.0,2.0,,2.0,5.0,,6.0,2.0,1.0
GBL_Tosi,,3,4.0,3.0,,1.0,5.0,4.0,3.0,6.0,8.0
GEN_DG98,1.0,3,4.0,4.0,,3.0,3.0,2.0,4.0,6.0,4.0
GEN_Foxy,,3,5.0,3.0,1.0,3.0,1.0,2.0,4.0,4.0,
GEN_Pio,2.0,3,5.0,2.0,1.0,6.0,2.0,4.0,2.0,7.0,5.0
GEN_taemin,,3,5.0,2.0,,2.0,5.0,1.0,7.0,5.0,4.0
GEX_Leo,,3,,,,,,,,,
GEX_Savior,,3,,,,,,,,,
GEX_Yuri,,3,,,,,,,,,
GEX_ZhenNan,,3,,,,,,,,,
HOWL_Apocalyp,,3,,,,,,,,,
HOWL_RuerN,,3,,,,,,,,,
HOWL_TheMad,,3,,,,,,,,,
HOWL_scof1eld,,3,,,,,,,,,
III_Adam,,3,,,,,,,,,
III_RichyB,,3,,,,,,,,,
III_Vox,,3,,,,,,,,,
III_oldless,,3,,,,,,,,,
LG_Fludd,,3,4.0,2.0,,2.0,5.0,,5.0,4.0,1.0
LG_Kickstart,,3,4.0,1.0,,1.0,3.0,,5.0,3.0,2.0
LG_Relo,,3,6.0,1.0,,,6.0,1.0,4.0,3.0,1.0
LG_Snakers,1.0,3,4.0,5.0,1.0,2.0,3.0,2.0,3.0,6.0,4.0
NAVI_Mell,1.0,3,7.0,3.0,,1.0,4.0,1.0,5.0,,1.0
NAVI_alya,,3,5.0,3.0,,1.0,8.0,,7.0,6.0,1.0
NAVI_ubah,,3,6.0,3.0,1.0,,7.0,4.0,5.0,5.0,1.0
NAVI_xmpl,,3,4.0,2.0,,3.0,5.0,1.0,3.0,2.0,2.0
NH_HSmm,,3,5.0,1.0,1.0,3.0,3.0,1.0,5.0,4.0,3.0
NH_MMing,,3,4.0,1.0,,2.0,2.0,1.0,3.0,5.0,3.0
NH_Nannnnn,,3,3.0,1.0,,3.0,7.0,1.0,5.0,2.0,3.0
NH_ZpYan1,,3,6.0,1.0,1.0,2.0,10.0,1.0,7.0,5.0,4.0
PLM_BORBO4Tz,,3,4.0,2.0,,3.0,5.0,1.0,9.0,3.0,3.0
PLM_Flukky,1.0,3,5.0,3.0,,2.0,7.0,,5.0,2.0,3.0
PLM_ThanawatTH,1.0,3,3.0,1.0,1.0,5.0,5.0,2.0,3.0,4.0,2.0
PLM_Thunderz,,3,4.0,2.0,,4.0,1.0,,5.0,6.0,3.0
PTG_Adder,,3,6.0,1.0,,5.0,1.0,,7.0,6.0,
PTG_Akad,1.0,3,8.0,2.0,,6.0,1.0,2.0,2.0,2.0,3.0
PTG_Hikari,1.0,3,5.0,1.0,,3.0,2.0,,2.0,2.0,1.0
PTG_WICKED,,3,8.0,2.0,,1.0,3.0,,2.0,7.0,
PeRo_AZ,,3,3.0,5.0,,,3.0,2.0,3.0,5.0,2.0
PeRo_Aixleft,2.0,3,1.0,3.0,,,4.0,4.0,3.0,4.0,3.0
PeRo_Cui71,,3,3.0,3.0,,,1.0,,1.0,2.0,
PeRo_Myl,,3,2.0,3.0,1.0,2.0,3.0,,3.0,1.0,3.0
SQ_M1ME,,3,6.0,2.0,,2.0,5.0,1.0,3.0,3.0,3.0
SQ_Shrimzy,1.0,3,9.0,2.0,,4.0,4.0,,5.0,6.0,1.0
SQ_TGLTN,,3,5.0,3.0,,1.0,5.0,2.0,2.0,3.0,3.0
SQ_hwinn,,3,8.0,2.0,1.0,3.0,6.0,,3.0,7.0,4.0
SST_Feaven,1.0,3,7.0,1.0,,,8.0,1.0,2.0,3.0,2.0
SST_Imhac,,3,4.0,,,2.0,5.0,,5.0,2.0,2.0
SST_Runax,1.0,3,5.0,2.0,,4.0,3.0,,6.0,,1.0
SST_Tae9,1.0,3,4.0,1.0,,3.0,2.0,,6.0,2.0,3.0
STK_PurdyKurty,2.0,3,6.0,2.0,,2.0,5.0,1.0,3.0,5.0,2.0
STK_Vegas,,3,5.0,1.0,,4.0,4.0,1.0,10.0,1.0,9.0
STK_alow,1.0,3,4.0,4.0,,1.0,4.0,,4.0,2.0,1.0
STK_penta,,3,5.0,2.0,,2.0,2.0,1.0,6.0,1.0,2.0
TWIS_BatulinS,2.0,3,7.0,3.0,,3.0,6.0,1.0,7.0,6.0,4.0
TWIS_Lu,,3,5.0,1.0,,4.0,1.0,2.0,7.0,3.0,7.0
TWIS_Perfect1ks,,3,5.0,1.0,,2.0,4.0,,2.0,,2.0
TWIS_TheTab,,3,,,,,,,,,
TWIS_spyrro,1.0,3,6.0,5.0,,3.0,5.0,,8.0,9.0,4.0
Tian_77owo,,3,,,,,,,,,
Tian_LinShu,,3,,,,,,,,,
Tian_LongSkr,,3,,,,,,,,,
Tian_PaoPao,,3,,,,,,,,,
17_Lilghost,,4,,,,,,,,,
17_SuJiu,,4,,,,,,,,,
17_Xbei,,4,,,,,,,,,
17_xwudd,,4,,,,,,,,,
4AM_CRAZY112,,4,6.0,2.0,1.0,2.0,8.0,1.0,4.0,1.0,6.0
4AM_Summer,1.0,4,4.0,2.0,,2.0,8.0,,4.0,3.0,4.0
4AM_WangZai,,4,,,,,,,,,
4AM_Xiaohaixxxx,,4,4.0,1.0,,2.0,6.0,1.0,1.0,3.0,4.0
4AM_xxxLu,1.0,4,4.0,1.0,,1.0,6.0,1.0,3.0,1.0,4.0
ACE_ItzzChrizZ,1.0,4,3.0,2.0,,1.0,6.0,2.0,6.0,2.0,3.0
ACE_KILYAKAi,,4,5.0,2.0,,,6.0,,6.0,,3.0
ACE_Myca,,4,3.0,2.0,,,6.0,1.0,5.0,,3.0
ACE_braex,,4,7.0,1.0,1.0,2.0,4.0,2.0,3.0,1.0,
CES_HaiSaki,,4,6.0,1.0,,2.0,6.0,2.0,8.0,1.0,2.0
CES_Himass,,4,4.0,1.0,,2.0,4.0,2.0,3.0,1.0,2.0
CES_Taikonn,1.0,4,5.0,2.0,,2.0,7.0,,6.0,2.0,4.0
CES_YmCud,,4,4.0,,,1.0,3.0,,2.0,1.0,1.0
DAY_Belmoth,,4,,,,,,,,,
DAY_Flash,,4,,,,,,,,,
DAY_Nourinz,,4,,,,,,,,,
DAY_PuuChiwz,,4,,,,,,,,,
DNW_Inonix,,4,,,,,,,,,
DNW_Loki,,4,,,,,,,,,
DNW_Salute,,4,,,,,,,,,
DNW_seoul,,4,,,,,,,,,
EXO_Akita,1.0,4,3.0,4.0,,2.0,4.0,1.0,1.0,2.0,
EXO_Hikerman,,4,,,,,,,,,
EXO_Rain,,4,3.0,2.0,,2.0,1.0,,7.0,1.0,3.0
EXO_empt,,4,6.0,3.0,,3.0,6.0,6.0,6.0,4.0,3.0
EXO_kang,,4,4.0,1.0,,3.0,5.0,3.0,6.0,,1.0
FaZe_Fexx,,4,,,,,,,,,
FaZe_Gustav,,4,,,,,,,,,
FaZe_curexi,,4,,,,,,,,,
FaZe_jeemzz,,4,,,,,,,,,
GBL_Glaz,,4,4.0,1.0,,,6.0,,4.0,,
GBL_Gyumin,1.0,4,3.0,2.0,,3.0,1.0,,4.0,3.0,1.0
GBL_Heaven,,4,3.0,1.0,,,11.0,,7.0,1.0,1.0
GBL_Tosi,1.0,4,4.0,1.0,,2.0,4.0,2.0,5.0,,1.0
GEN_DG98,,4,4.0,4.0,,2.0,5.0,2.0,2.0,3.0,2.0
GEN_Foxy,,4,6.0,1.0,,1.0,9.0,,,,1.0
GEN_Pio,,4,4.0,1.0,1.0,1.0,9.0,2.0,4.0,2.0,
GEN_taemin,,4,2.0,1.0,,2.0,8.0,,1.0,1.0,1.0
GEX_Leo,,4,,,,,,,,,
GEX_Savior,,4,,,,,,,,,
GEX_Yuri,,4,,,,,,,,,
GEX_ZhenNan,,4,,,,,,,,,
HOWL_Apocalyp,,4,,,,,,,,,
HOWL_RuerN,,4,,,,,,,,,
HOWL_TheMad,,4,,,,,,,,,
HOWL_scof1eld,,4,,,,,,,,,
III_Adam,,4,,,,,,,,,
III_RichyB,,4,,,,,,,,,
III_Vox,,4,,,,,,,,,
III_oldless,,4,,,,,,,,,
LG_Fludd,,4,4.0,2.0,,2.0,3.0,1.0,1.0,2.0,2.0
LG_Kickstart,,4,4.0,4.0,,2.0,3.0,,8.0,3.0,2.0
LG_Relo,,4,4.0,2.0,,1.0,,1.0,2.0,,3.0
LG_Snakers,,4,4.0,4.0,,1.0,6.0,,2.0,2.0,
NAVI_Mell,,4,,,,,,,,,
NAVI_alya,,4,1.0,,,,,1.0,,,
NAVI_ubah,,4,5.0,,,,1.0,,1.0,,
NAVI_xmpl,,4,,,,,1.0,,2.0,,1.0
NH_HSmm,,4,5.0,1.0,1.0,4.0,2.0,,8.0,2.0,6.0
NH_MMing,,4,6.0,1.0,,1.0,6.0,,3.0,1.0,6.0
NH_Nannnnn,,4,3.0,2.0,,1.0,3.0,,2.0,1.0,3.0
NH_ZpYan1,,4,4.0,1.0,,2.0,6.0,1.0,3.0,1.0,4.0
PLM_BORBO4Tz,1.0,4,4.0,1.0,,2.0,2.0,1.0,8.0,2.0,2.0
PLM_Flukky,,4,4.0,2.0,,1.0,8.0,1.0,6.0,,2.0
PLM_ThanawatTH,,4,4.0,2.0,,,6.0,,8.0,3.0,2.0
PLM_Thunderz,,4,4.0,1.0,,3.0,5.0,5.0,6.0,4.0,4.0
PTG_Adder,,4,,,,,,,1.0,,
PTG_Akad,,4,4.0,,1.0,,2.0,2.0,10.0,1.0,1.0
PTG_Hikari,,4,1.0,1.0,,1.0,3.0,1.0,6.0,1.0,5.0
PTG_WICKED,,4,8.0,,,1.0,2.0,,2.0,1.0,2.0
PeRo_AZ,,4,8.0,1.0,,1.0,9.0,3.0,11.0,6.0,7.0
PeRo_Aixleft,,4,6.0,2.0,,2.0,3.0,1.0,3.0,2.0,3.0
PeRo_Cui71,1.0,4,6.0,2.0,1.0,1.0,8.0,,13.0,3.0,10.0
PeRo_Myl,,4,4.0,2.0,1.0,2.0,9.0,1.0,4.0,1.0,5.0
SQ_M1ME,,4,9.0,2.0,,1.0,3.0,4.0,10.0,7.0,5.0
SQ_Shrimzy,1.0,4,8.0,4.0,,3.0,4.0,3.0,10.0,3.0,
SQ_TGLTN,,4,8.0,1.0,,2.0,11.0,5.0,6.0,5.0,1.0
SQ_hwinn,,4,5.0,1.0,,2.0,2.0,2.0,4.0,5.0,2.0
SST_Feaven,,4,1.0,1.0,,2.0,1.0,,,,3.0
SST_Imhac,,4,4.0,4.0,,3.0,4.0,3.0,3.0,3.0,6.0
SST_Runax,,4,2.0,2.0,,,1.0,1.0,,,
SST_Tae9,,4,4.0,1.0,,,,1.0,1.0,1.0,2.0
STK_PurdyKurty,,4,9.0,2.0,,3.0,5.0,1.0,5.0,2.0,
STK_Vegas,1.0,4,5.0,2.0,1.0,1.0,1.0,1.0,4.0,,2.0
STK_alow,,4,5.0,2.0,,1.0,8.0,,7.0,1.0,
STK_penta,,4,4.0,2.0,,,4.0,1.0,6.0,,2.0
TWIS_BatulinS,,4,5.0,2.0,,1.0,6.0,1.0,7.0,,2.0
TWIS_Lu,,4,4.0,1.0,,1.0,1.0,1.0,4.0,1.0,
TWIS_Perfect1ks,,4,6.0,4.0,,1.0,7.0,1.0,4.0,4.0,3.0
TWIS_TheTab,,4,,,,,,,,,
TWIS_spyrro,,4,4.0,3.0,1.0,1.0,6.0,2.0,6.0,1.0,2.0
Tian_77owo,,4,,,,,,,,,
Tian_LinShu,,4,,,,,,,,,
Tian_LongSkr,,4,,,,,,,,,
Tian_PaoPao,,4,,,,,,,,,
17_Lilghost,,5,,,,,,,,,
17_SuJiu,,5,,,,,,,,,
17_Xbei,,5,,,,,,,,,
17_xwudd,,5,,,,,,,,,
4AM_CRAZY112,,5,6.0,1.0,,2.0,7.0,1.0,4.0,2.0,5.0
4AM_Summer,,5,4.0,2.0,,4.0,3.0,3.0,1.0,3.0,4.0
4AM_WangZai,,5,,,,,,,,,
4AM_Xiaohaixxxx,,5,5.0,1.0,,3.0,7.0,1.0,2.0,4.0,3.0
4AM_xxxLu,,5,5.0,1.0,,5.0,7.0,,7.0,2.0,2.0
ACE_ItzzChrizZ,,5,8.0,1.0,,,5.0,2.0,3.0,4.0,
ACE_KILYAKAi,,5,4.0,,,1.0,5.0,1.0,2.0,6.0,3.0
ACE_Myca,2.0,5,2.0,5.0,1.0,2.0,6.0,,2.0,4.0,
ACE_braex,1.0,5,4.0,1.0,,1.0,3.0,1.0,1.0,,3.0
CES_HaiSaki,1.0,5,4.0,1.0,1.0,,8.0,1.0,5.0,5.0,2.0
CES_Himass,,5,7.0,1.0,1.0,4.0,6.0,1.0,2.0,2.0,2.0
CES_Taikonn,,5,3.0,3.0,,2.0,1.0,,5.0,3.0,1.0
CES_YmCud,,5,6.0,3.0,1.0,3.0,6.0,3.0,5.0,4.0,3.0
DAY_Belmoth,,5,,,,,,,,,
DAY_Flash,,5,,,,,,,,,
DAY_Nourinz,,5,,,,,,,,,
DAY_PuuChiwz,,5,,,,,,,,,
DNW_Inonix,,5,,,,,,,,,
DNW_Loki,,5,,,,,,,,,
DNW_Salute,,5,,,,,,,,,
DNW_seoul,,5,,,,,,,,,
EXO_Akita,,5,3.0,1.0,,1.0,3.0,,6.0,2.0,
EXO_Hikerman,,5,,,,,,,,,
EXO_Rain,,5,6.0,1.0,,2.0,3.0,1.0,3.0,3.0,1.0
EXO_empt,,5,4.0,2.0,,2.0,6.0,,8.0,4.0,1.0
EXO_kang,1.0,5,3.0,1.0,,3.0,5.0,2.0,1.0,4.0,1.0
FaZe_Fexx,,5,,,,,,,,,
FaZe_Gustav,,5,,,,,,,,,
FaZe_curexi,,5,,,,,,,,,
FaZe_jeemzz,,5,,,,,,,,,
GBL_Glaz,1.0,5,1.0,2.0,,1.0,2.0,,3.0,3.0,1.0
GBL_Gyumin,1.0,5,7.0,6.0,,,5.0,3.0,8.0,3.0,2.0
GBL_Heaven,,5,,1.0,,4.0,1.0,1.0,2.0,4.0,
GBL_Tosi,,5,4.0,1.0,,,6.0,,2.0,3.0,3.0
GEN_DG98,,5,4.0,2.0,,2.0,5.0,2.0,4.0,7.0,1.0
GEN_Foxy,,5,6.0,1.0,,2.0,6.0,1.0,3.0,2.0,1.0
GEN_Pio,1.0,5,1.0,2.0,,1.0,5.0,1.0,3.0,4.0,2.0
GEN_taemin,,5,3.0,2.0,,1.0,3.0,3.0,5.0,3.0,2.0
GEX_Leo,,5,,,,,,,,,
GEX_Savior,,5,,,,,,,,,
GEX_Yuri,,5,,,,,,,,,
GEX_ZhenNan,,5,,,,,,,,,
HOWL_Apocalyp,,5,,,,,,,,,
HOWL_RuerN,,5,,,,,,,,,
HOWL_TheMad,,5,,,,,,,,,
HOWL_scof1eld,,5,,,,,,,,,
III_Adam,,5,,,,,,,,,
III_RichyB,,5,,,,,,,,,
III_Vox,,5,,,,,,,,,
III_oldless,,5,,,,,,,,,
LG_Fludd,,5,4.0,3.0,,3.0,3.0,1.0,4.0,3.0,1.0
LG_Kickstart,1.0,5,7.0,3.0,,4.0,3.0,2.0,2.0,3.0,2.0
LG_Relo,,5,4.0,2.0,1.0,3.0,4.0,2.0,3.0,8.0,4.0
LG_Snakers,,5,9.0,4.0,,4.0,9.0,3.0,8.0,7.0,7.0
NAVI_Mell,,5,4.0,1.0,,,9.0,1.0,3.0,1.0,2.0
NAVI_alya,,5,9.0,3.0,,,4.0,,7.0,4.0,2.0
NAVI_ubah,,5,5.0,,,2.0,3.0,,3.0,1.0,1.0
NAVI_xmpl,,5,5.0,3.0,,1.0,3.0,1.0,2.0,3.0,3.0
NH_HSmm,,5,6.0,2.0,,3.0,5.0,3.0,4.0,13.0,3.0
NH_MMing,,5,5.0,1.0,,1.0,5.0,,6.0,2.0,2.0
NH_Nannnnn,,5,3.0,1.0,,1.0,5.0,1.0,2.0,1.0,3.0
NH_ZpYan1,1.0,5,3.0,1.0,,1.0,5.0,,3.0,2.0,4.0
PLM_BORBO4Tz,,5,4.0,1.0,,2.0,4.0,,6.0,3.0,1.0
PLM_Flukky,1.0,5,4.0,3.0,,1.0,5.0,2.0,3.0,2.0,2.0
PLM_ThanawatTH,1.0,5,4.0,2.0,1.0,1.0,1.0,2.0,4.0,4.0,5.0
PLM_Thunderz,,5,4.0,2.0,,1.0,5.0,2.0,4.0,2.0,
PTG_Adder,1.0,5,3.0,1.0,,2.0,3.0,2.0,3.0,8.0,2.0
PTG_Akad,,5,1.0,1.0,,2.0,1.0,,1.0,,
PTG_Hikari,,5,3.0,,,1.0,,,4.0,,1.0
PTG_WICKED,1.0,5,2.0,2.0,,,3.0,2.0,1.0,1.0,
PeRo_AZ,,5,,,,,,1.0,,,
PeRo_Aixleft,1.0,5,5.0,2.0,,3.0,4.0,3.0,11.0,6.0,7.0
PeRo_Cui71,,5,5.0,2.0,,2.0,3.0,,4.0,1.0,4.0
PeRo_Myl,,5,8.0,2.0,,3.0,3.0,2.0,6.0,3.0,1.0
SQ_M1ME,2.0,5,4.0,1.0,,2.0,1.0,,6.0,1.0,2.0
SQ_Shrimzy,,5,10.0,2.0,1.0,3.0,2.0,1.0,5.0,5.0,1.0
SQ_TGLTN,1.0,5,4.0,1.0,1.0,3.0,1.0,1.0,2.0,5.0,4.0
SQ_hwinn,1.0,5,6.0,3.0,,2.0,3.0,,7.0,2.0,3.0
SST_Feaven,1.0,5,4.0,1.0,,1.0,3.0,2.0,2.0,2.0,2.0
SST_Imhac,,5,5.0,5.0,1.0,2.0,3.0,,2.0,5.0,1.0
SST_Runax,,5,5.0,2.0,,2.0,3.0,1.0,3.0,2.0,3.0
SST_Tae9,1.0,5,3.0,2.0,,3.0,6.0,2.0,5.0,2.0,3.0
STK_PurdyKurty,,5,4.0,2.0,,3.0,1.0,1.0,1.0,5.0,2.0
STK_Vegas,,5,3.0,2.0,,5.0,2.0,,5.0,3.0,2.0
STK_alow,,5,5.0,4.0,,2.0,4.0,,5.0,2.0,1.0
STK_penta,,5,5.0,2.0,,2.0,3.0,,6.0,2.0,2.0
TWIS_BatulinS,,5,3.0,7.0,,2.0,1.0,,3.0,1.0,
TWIS_Lu,,5,7.0,2.0,,4.0,1.0,1.0,2.0,4.0,2.0
TWIS_Perfect1ks,1.0,5,4.0,2.0,,,1.0,2.0,2.0,1.0,2.0
TWIS_TheTab,,5,,,,,,,,,
TWIS_spyrro,,5,,,,1.0,,1.0,,4.0,2.0
Tian_77owo,,5,,,,,,,,,
Tian_LinShu,,5,,,,,,,,,
Tian_LongSkr,,5,,,,,,,,,
Tian_PaoPao,,5,,,,,,,,,
17_Lilghost,,6,,,,,,,,,
17_SuJiu,,6,,,,,,,,,
17_Xbei,,6,,,,,,,,,
17_xwudd,,6,,,,,,,,,
4AM_CRAZY112,,6,9.0,1.0,,1.0,8.0,3.0,15.0,4.0,5.0
4AM_Summer,,6,4.0,2.0,,1.0,4.0,1.0,5.0,2.0,1.0
4AM_WangZai,,6,,,,,,,,,
4AM_Xiaohaixxxx,,6,4.0,1.0,,1.0,5.0,1.0,3.0,2.0,1.0
4AM_xxxLu,,6,3.0,,,2.0,3.0,,1.0,1.0,
ACE_ItzzChrizZ,,6,5.0,1.0,,1.0,6.0,4.0,6.0,4.0,6.0
ACE_KILYAKAi,,6,5.0,1.0,,1.0,6.0,1.0,5.0,2.0,1.0
ACE_Myca,,6,5.0,2.0,,5.0,7.0,1.0,3.0,1.0,4.0
ACE_braex,1.0,6,4.0,2.0,,1.0,5.0,1.0,4.0,,5.0
CES_HaiSaki,1.0,6,6.0,2.0,1.0,,4.0,,6.0,1.0,1.0
CES_Himass,,6,8.0,1.0,1.0,1.0,5.0,1.0,4.0,5.0,4.0
CES_Taikonn,,6,9.0,3.0,,4.0,12.0,1.0,9.0,3.0,4.0
CES_YmCud,,6,6.0,1.0,,1.0,4.0,,6.0,2.0,1.0
DAY_Belmoth,,6,,,,,,,,,
DAY_Flash,,6,,,,,,,,,
DAY_Nourinz,,6,,,,,,,,,
DAY_PuuChiwz,,6,,,,,,,,,
DNW_Inonix,,6,,,,,,,,,
DNW_Loki,,6,,,,,,,,,
DNW_Salute,,6,,,,,,,,,
DNW_seoul,,6,,,,,,,,,
EXO_Akita,1.0,6,4.0,1.0,,,4.0,,3.0,1.0,4.0
EXO_Hikerman,,6,,,,,,,,,
EXO_Rain,1.0,6,6.0,1.0,,1.0,3.0,1.0,3.0,1.0,3.0
EXO_empt,1.0,6,4.0,1.0,,1.0,9.0,1.0,4.0,1.0,1.0
EXO_kang,1.0,6,3.0,2.0,,2.0,5.0,3.0,4.0,2.0,1.0
FaZe_Fexx,,6,,,,,,,,,
FaZe_Gustav,,6,,,,,,,,,
FaZe_curexi,,6,,,,,,,,,
FaZe_jeemzz,,6,,,,,,,,,
GBL_Glaz,,6,4.0,,,3.0,9.0,2.0,4.0,2.0,6.0
GBL_Gyumin,1.0,6,4.0,2.0,,3.0,4.0,1.0,5.0,5.0,4.0
GBL_Heaven,,6,7.0,2.0,,2.0,7.0,3.0,3.0,1.0,2.0
GBL_Tosi,,6,8.0,2.0,1.0,1.0,9.0,7.0,6.0,6.0,7.0
GEN_DG98,,6,6.0,4.0,,4.0,4.0,1.0,5.0,4.0,4.0
GEN_Foxy,,6,6.0,3.0,,2.0,6.0,1.0,,3.0,2.0
GEN_Pio,,6,11.0,1.0,2.0,2.0,5.0,4.0,5.0,2.0,5.0
GEN_taemin,,6,3.0,2.0,1.0,1.0,7.0,1.0,2.0,2.0,4.0
GEX_Leo,,6,,,,,,,,,
GEX_Savior,,6,,,,,,,,,
GEX_Yuri,,6,,,,,,,,,
GEX_ZhenNan,,6,,,,,,,,,
HOWL_Apocalyp,,6,,,,,,,,,
HOWL_RuerN,,6,,,,,,,,,
HOWL_TheMad,,6,,,,,,,,,
HOWL_scof1eld,,6,,,,,,,,,
III_Adam,,6,,,,,,,,,
III_RichyB,,6,,,,,,,,,
III_Vox,,6,,,,,,,,,
III_oldless,,6,,,,,,,,,
LG_Fludd,,6,7.0,2.0,,1.0,6.0,3.0,4.0,2.0,2.0
LG_Kickstart,,6,4.0,1.0,,3.0,5.0,1.0,4.0,2.0,2.0
LG_Relo,1.0,6,3.0,2.0,1.0,1.0,4.0,3.0,2.0,2.0,
LG_Snakers,,6,4.0,2.0,2.0,1.0,4.0,2.0,3.0,2.0,1.0
NAVI_Mell,,6,,,,,,,,,
NAVI_alya,,6,,,,,,,,,
NAVI_ubah,,6,3.0,2.0,,,2.0,,,2.0,1.0
NAVI_xmpl,,6,,1.0,,,,,,,
NH_HSmm,1.0,6,3.0,1.0,1.0,1.0,5.0,,4.0,1.0,1.0
NH_MMing,1.0,6,4.0,1.0,,1.0,6.0,1.0,2.0,1.0,
NH_Nannnnn,1.0,6,5.0,2.0,,2.0,7.0,2.0,3.0,2.0,3.0
NH_ZpYan1,2.0,6,4.0,1.0,,1.0,12.0,2.0,7.0,1.0,6.0
PLM_BORBO4Tz,,6,6.0,1.0,,1.0,2.0,2.0,9.0,1.0,3.0
PLM_Flukky,,6,7.0,1.0,1.0,,4.0,2.0,5.0,2.0,2.0
PLM_ThanawatTH,,6,6.0,5.0,,,3.0,3.0,10.0,4.0,6.0
PLM_Thunderz,1.0,6,5.0,1.0,,,3.0,1.0,3.0,4.0,1.0
PTG_Adder,,6,4.0,5.0,,2.0,3.0,1.0,2.0,1.0,1.0
PTG_Akad,,6,,,,,,,,,
PTG_Hikari,,6,7.0,4.0,,1.0,4.0,2.0,6.0,,4.0
PTG_WICKED,,6,,,,,,,,,
PeRo_AZ,,6,3.0,1.0,1.0,,6.0,,3.0,4.0,2.0
PeRo_Aixleft,,6,4.0,2.0,,1.0,3.0,2.0,3.0,1.0,1.0
PeRo_Cui71,,6,4.0,1.0,,,4.0,,3.0,1.0,2.0
PeRo_Myl,,6,5.0,3.0,,1.0,2.0,1.0,4.0,2.0,2.0
SQ_M1ME,,6,4.0,1.0,1.0,1.0,6.0,1.0,9.0,1.0,4.0
SQ_Shrimzy,,6,6.0,2.0,2.0,2.0,3.0,2.0,10.0,1.0,2.0
SQ_TGLTN,,6,10.0,1.0,,2.0,3.0,2.0,5.0,3.0,2.0
SQ_hwinn,,6,6.0,3.0,,1.0,8.0,2.0,5.0,4.0,3.0
SST_Feaven,,6,4.0,2.0,,3.0,3.0,1.0,5.0,3.0,6.0
SST_Imhac,1.0,6,4.0,1.0,,1.0,5.0,1.0,1.0,4.0,1.0
SST_Runax,,6,3.0,2.0,1.0,1.0,5.0,1.0,4.0,1.0,
SST_Tae9,,6,7.0,3.0,1.0,2.0,5.0,1.0,5.0,2.0,3.0
STK_PurdyKurty,3.0,6,2.0,,,1.0,5.0,1.0,8.0,,6.0
STK_Vegas,1.0,6,4.0,1.0,,1.0,5.0,3.0,7.0,,5.0
STK_alow,,6,3.0,2.0,,,7.0,1.0,6.0,4.0,
STK_penta,1.0,6,5.0,2.0,,2.0,1.0,1.0,2.0,,5.0
TWIS_BatulinS,,6,8.0,4.0,1.0,3.0,6.0,1.0,4.0,4.0,2.0
TWIS_Lu,,6,4.0,5.0,,1.0,5.0,2.0,7.0,1.0,3.0
TWIS_Perfect1ks,,6,7.0,4.0,1.0,5.0,4.0,2.0,5.0,1.0,3.0
TWIS_TheTab,,6,,,,,,,,,
TWIS_spyrro,3.0,6,8.0,4.0,1.0,5.0,5.0,7.0,8.0,10.0,7.0
Tian_77owo,,6,,,,,,,,,
Tian_LinShu,,6,,,,,,,,,
Tian_LongSkr,,6,,,,,,,,,
Tian_PaoPao,,6,,,,,,,,,
17_Lilghost,,7,7.0,1.0,,1.0,3.0,,6.0,2.0,2.0
17_SuJiu,1.0,7,9.0,3.0,,3.0,14.0,2.0,3.0,10.0,3.0
17_Xbei,,7,9.0,6.0,1.0,,4.0,2.0,3.0,9.0,2.0
17_xwudd,,7,3.0,4.0,,,2.0,1.0,2.0,2.0,1.0
4AM_CRAZY112,1.0,7,10.0,1.0,1.0,4.0,7.0,5.0,6.0,7.0,8.0
4AM_Summer,,7,13.0,,,6.0,9.0,3.0,11.0,3.0,8.0
4AM_WangZai,,7,6.0,3.0,,5.0,5.0,2.0,6.0,2.0,4.0
4AM_Xiaohaixxxx,,7,5.0,3.0,,3.0,5.0,2.0,5.0,9.0,6.0
4AM_xxxLu,,7,,,,,,,,,
ACE_ItzzChrizZ,,7,,,,,,,,,
ACE_KILYAKAi,,7,,,,,,,,,
ACE_Myca,,7,,,,,,,,,
ACE_braex,,7,,,,,,,,,
CES_HaiSaki,,7,,,,,,,,,
CES_Himass,,7,,,,,,,,,
CES_Taikonn,,7,,,,,,,,,
CES_YmCud,,7,,,,,,,,,
DAY_Belmoth,1.0,7,5.0,2.0,,1.0,4.0,4.0,6.0,6.0,1.0
DAY_Flash,3.0,7,9.0,3.0,,1.0,4.0,3.0,6.0,1.0,2.0
DAY_Nourinz,,7,9.0,1.0,,6.0,6.0,4.0,4.0,5.0,4.0
DAY_PuuChiwz,,7,7.0,1.0,,2.0,5.0,1.0,7.0,4.0,1.0
DNW_Inonix,1.0,7,5.0,1.0,,1.0,4.0,2.0,6.0,2.0,2.0
DNW_Loki,,7,4.0,3.0,,1.0,7.0,,4.0,4.0,
DNW_Salute,,7,5.0,3.0,,2.0,7.0,1.0,6.0,2.0,
DNW_seoul,,7,4.0,1.0,,3.0,8.0,,4.0,2.0,4.0
EXO_Akita,,7,,,,,,,,,
EXO_Hikerman,,7,,,,,,,,,
EXO_Rain,,7,,,,,,,,,
EXO_empt,,7,,,,,,,,,
EXO_kang,,7,,,,,,,,,
FaZe_Fexx,1.0,7,10.0,3.0,,2.0,5.0,1.0,4.0,4.0,1.0
FaZe_Gustav,,7,14.0,7.0,,3.0,4.0,2.0,7.0,6.0,4.0
FaZe_curexi,1.0,7,7.0,1.0,,1.0,4.0,4.0,5.0,1.0,4.0
FaZe_jeemzz,,7,7.0,1.0,1.0,2.0,5.0,,,5.0,2.0
GBL_Glaz,,7,,,,,,,,,
GBL_Gyumin,,7,,,,,,,,,
GBL_Heaven,,7,,,,,,,,,
GBL_Tosi,,7,,,,,,,,,
GEN_DG98,,7,,,,,,,,,
GEN_Foxy,,7,,,,,,,,,
GEN_Pio,,7,,,,,,,,,
GEN_taemin,,7,,,,,,,,,
GEX_Leo,1.0,7,6.0,1.0,,1.0,,3.0,,4.0,1.0
GEX_Savior,1.0,7,3.0,2.0,,1.0,8.0,1.0,4.0,5.0,2.0
GEX_Yuri,,7,3.0,2.0,,1.0,4.0,1.0,4.0,2.0,
GEX_ZhenNan,,7,4.0,2.0,,2.0,3.0,2.0,9.0,4.0,1.0
HOWL_Apocalyp,,7,4.0,2.0,,3.0,1.0,1.0,2.0,2.0,
HOWL_RuerN,1.0,7,4.0,2.0,,4.0,5.0,4.0,6.0,2.0,1.0
HOWL_TheMad,1.0,7,3.0,2.0,,1.0,2.0,2.0,3.0,,1.0
HOWL_scof1eld,,7,4.0,3.0,,1.0,3.0,1.0,5.0,3.0,1.0
III_Adam,,7,5.0,1.0,,4.0,3.0,1.0,3.0,1.0,
III_RichyB,,7,6.0,2.0,,1.0,4.0,1.0,5.0,5.0,1.0
III_Vox,1.0,7,2.0,2.0,,2.0,2.0,3.0,2.0,5.0,4.0
III_oldless,1.0,7,6.0,,,1.0,,3.0,4.0,2.0,1.0
LG_Fludd,,7,,,,,,,,,
LG_Kickstart,,7,,,,,,,,,
LG_Relo,,7,,,,,,,,,
LG_Snakers,,7,,,,,,,,,
NAVI_Mell,,7,,,,,,,,,
NAVI_alya,,7,,,,,,,,,
NAVI_ubah,,7,,,,,,,,,
NAVI_xmpl,,7,,,,,,,,,
NH_HSmm,1.0,7,4.0,1.0,1.0,2.0,3.0,,2.0,1.0,4.0
NH_MMing,,7,5.0,1.0,,2.0,5.0,,3.0,3.0,4.0
NH_Nannnnn,,7,6.0,2.0,1.0,5.0,5.0,3.0,6.0,1.0,6.0
NH_ZpYan1,,7,4.0,2.0,,2.0,6.0,1.0,3.0,3.0,4.0
PLM_BORBO4Tz,,7,4.0,2.0,,1.0,1.0,1.0,5.0,5.0,
PLM_Flukky,1.0,7,4.0,2.0,1.0,1.0,5.0,1.0,5.0,1.0,2.0
PLM_ThanawatTH,,7,4.0,4.0,,,6.0,,3.0,4.0,2.0
PLM_Thunderz,,7,5.0,3.0,,2.0,6.0,,5.0,4.0,1.0
PTG_Adder,,7,,,,,,,,,
PTG_Akad,,7,,,,,,,,,
PTG_Hikari,,7,,,,,,,,,
PTG_WICKED,,7,,,,,,,,,
PeRo_AZ,,7,,,,,,,,,
PeRo_Aixleft,,7,,,,,,,,,
PeRo_Cui71,,7,,,,,,,,,
PeRo_Myl,,7,,,,,,,,,
SQ_M1ME,,7,6.0,2.0,,2.0,4.0,1.0,5.0,4.0,3.0
SQ_Shrimzy,1.0,7,,3.0,,,5.0,2.0,5.0,3.0,
SQ_TGLTN,2.0,7,,1.0,,1.0,1.0,,2.0,2.0,
SQ_hwinn,3.0,7,1.0,3.0,,1.0,3.0,,1.0,2.0,
SST_Feaven,,7,2.0,1.0,,,3.0,,2.0,1.0,
SST_Imhac,,7,3.0,1.0,,2.0,2.0,1.0,1.0,4.0,1.0
SST_Runax,2.0,7,1.0,2.0,1.0,,6.0,,7.0,3.0,2.0
SST_Tae9,1.0,7,5.0,2.0,,2.0,3.0,4.0,2.0,3.0,3.0
STK_PurdyKurty,,7,4.0,1.0,,3.0,1.0,1.0,3.0,3.0,4.0
STK_Vegas,,7,6.0,2.0,,3.0,5.0,1.0,5.0,3.0,1.0
STK_alow,,7,3.0,1.0,1.0,1.0,3.0,1.0,4.0,5.0,5.0
STK_penta,,7,7.0,2.0,,,11.0,,5.0,2.0,1.0
TWIS_BatulinS,1.0,7,6.0,2.0,,2.0,5.0,2.0,5.0,5.0,3.0
TWIS_Lu,1.0,7,3.0,2.0,,2.0,2.0,1.0,8.0,2.0,4.0
TWIS_Perfect1ks,,7,,,,,,,,,
TWIS_TheTab,1.0,7,5.0,1.0,,7.0,2.0,2.0,3.0,3.0,3.0
TWIS_spyrro,,7,5.0,2.0,,5.0,1.0,2.0,4.0,5.0,3.0
Tian_77owo,,7,5.0,1.0,,2.0,6.0,,6.0,4.0,1.0
Tian_LinShu,1.0,7,4.0,1.0,,,3.0,1.0,4.0,4.0,2.0
Tian_LongSkr,,7,4.0,2.0,,2.0,5.0,1.0,2.0,2.0,1.0
Tian_PaoPao,,7,3.0,1.0,,1.0,2.0,,4.0,3.0,1.0
17_Lilghost,,8,6.0,1.0,,2.0,2.0,1.0,5.0,2.0,1.0
17_SuJiu,2.0,8,3.0,1.0,,3.0,2.0,2.0,7.0,1.0,3.0
17_Xbei,,8,8.0,3.0,,3.0,7.0,4.0,4.0,,3.0
17_xwudd,1.0,8,5.0,1.0,,1.0,2.0,2.0,2.0,3.0,3.0
4AM_CRAZY112,,8,4.0,1.0,,2.0,4.0,2.0,5.0,1.0,5.0
4AM_Summer,,8,5.0,,,2.0,6.0,1.0,6.0,3.0,3.0
4AM_WangZai,1.0,8,4.0,1.0,,3.0,4.0,3.0,4.0,1.0,7.0
4AM_Xiaohaixxxx,,8,7.0,1.0,,1.0,6.0,5.0,8.0,3.0,8.0
4AM_xxxLu,,8,,,,,,,,,
ACE_ItzzChrizZ,,8,,,,,,,,,
ACE_KILYAKAi,,8,,,,,,,,,
ACE_Myca,,8,,,,,,,,,
ACE_braex,,8,,,,,,,,,
CES_HaiSaki,,8,,,,,,,,,
CES_Himass,,8,,,,,,,,,
CES_Taikonn,,8,,,,,,,,,
CES_YmCud,,8,,,,,,,,,
DAY_Belmoth,1.0,8,3.0,2.0,,,2.0,2.0,1.0,,4.0
DAY_Flash,,8,6.0,1.0,,2.0,,,5.0,,1.0
DAY_Nourinz,1.0,8,4.0,2.0,,1.0,3.0,1.0,4.0,1.0,3.0
DAY_PuuChiwz,1.0,8,3.0,1.0,1.0,,6.0,2.0,2.0,,4.0
DNW_Inonix,,8,5.0,1.0,1.0,3.0,4.0,,7.0,2.0,5.0
DNW_Loki,1.0,8,4.0,1.0,,1.0,4.0,3.0,2.0,2.0,1.0
DNW_Salute,1.0,8,7.0,2.0,,2.0,7.0,1.0,7.0,1.0,4.0
DNW_seoul,1.0,8,3.0,1.0,,2.0,7.0,1.0,4.0,1.0,2.0
EXO_Akita,,8,,,,,,,,,
EXO_Hikerman,,8,,,,,,,,,
EXO_Rain,,8,,,,,,,,,
EXO_empt,,8,,,,,,,,,
EXO_kang,,8,,,,,,,,,
FaZe_Fexx,,8,4.0,3.0,1.0,,5.0,,6.0,2.0,2.0
FaZe_Gustav,,8,8.0,1.0,,1.0,10.0,4.0,12.0,3.0,5.0
FaZe_curexi,,8,7.0,1.0,1.0,3.0,4.0,,3.0,2.0,3.0
FaZe_jeemzz,2.0,8,4.0,1.0,,1.0,3.0,1.0,5.0,2.0,1.0
GBL_Glaz,,8,,,,,,,,,
GBL_Gyumin,,8,,,,,,,,,
GBL_Heaven,,8,,,,,,,,,
GBL_Tosi,,8,,,,,,,,,
GEN_DG98,,8,,,,,,,,,
GEN_Foxy,,8,,,,,,,,,
GEN_Pio,,8,,,,,,,,,
GEN_taemin,,8,,,,,,,,,
GEX_Leo,2.0,8,5.0,,,2.0,6.0,,3.0,2.0,1.0
GEX_Savior,1.0,8,4.0,1.0,1.0,1.0,6.0,1.0,3.0,3.0,4.0
GEX_Yuri,,8,4.0,2.0,1.0,2.0,8.0,,5.0,2.0,
GEX_ZhenNan,,8,5.0,2.0,,3.0,5.0,2.0,6.0,,3.0
HOWL_Apocalyp,1.0,8,7.0,2.0,,3.0,9.0,3.0,4.0,,1.0
HOWL_RuerN,,8,4.0,1.0,,3.0,4.0,1.0,1.0,1.0,1.0
HOWL_TheMad,1.0,8,4.0,1.0,,3.0,8.0,1.0,1.0,2.0,
HOWL_scof1eld,,8,4.0,3.0,,1.0,2.0,1.0,2.0,2.0,
III_Adam,2.0,8,5.0,2.0,,1.0,9.0,4.0,12.0,4.0,1.0
III_RichyB,,8,8.0,4.0,,4.0,3.0,3.0,6.0,1.0,
III_Vox,,8,6.0,2.0,,,3.0,1.0,9.0,,4.0
III_oldless,,8,4.0,,,,2.0,,2.0,1.0,1.0
LG_Fludd,,8,,,,,,,,,
LG_Kickstart,,8,,,,,,,,,
LG_Relo,,8,,,,,,,,,
LG_Snakers,,8,,,,,,,,,
NAVI_Mell,,8,,,,,,,,,
NAVI_alya,,8,,,,,,,,,
NAVI_ubah,,8,,,,,,,,,
NAVI_xmpl,,8,,,,,,,,,
NH_HSmm,,8,4.0,1.0,1.0,2.0,4.0,2.0,7.0,,1.0
NH_MMing,,8,4.0,1.0,1.0,,2.0,4.0,4.0,1.0,3.0
NH_Nannnnn,,8,5.0,1.0,,2.0,5.0,1.0,5.0,1.0,2.0
NH_ZpYan1,,8,4.0,1.0,,2.0,11.0,1.0,3.0,2.0,2.0
PLM_BORBO4Tz,1.0,8,4.0,1.0,,3.0,4.0,1.0,4.0,4.0,4.0
PLM_Flukky,,8,4.0,2.0,,1.0,6.0,2.0,5.0,4.0,3.0
PLM_ThanawatTH,1.0,8,5.0,2.0,1.0,1.0,7.0,6.0,10.0,4.0,4.0
PLM_Thunderz,,8,,1.0,,1.0,1.0,,1.0,1.0,
PTG_Adder,,8,4.0,2.0,1.0,3.0,4.0,,2.0,5.0,1.0
PTG_Akad,,8,3.0,1.0,1.0,4.0,1.0,1.0,1.0,3.0,
PTG_Hikari,,8,3.0,1.0,,1.0,6.0,,7.0,,
PTG_WICKED,,8,6.0,3.0,,2.0,2.0,1.0,7.0,1.0,4.0
PeRo_AZ,,8,,,,,,,,,
PeRo_Aixleft,,8,,,,,,,,,
PeRo_Cui71,,8,,,,,,,,,
PeRo_Myl,,8,,,,,,,,,
SQ_M1ME,1.0,8,7.0,2.0,,3.0,2.0,1.0,3.0,1.0,1.0
SQ_Shrimzy,,8,9.0,1.0,,1.0,4.0,1.0,5.0,5.0,5.0
SQ_TGLTN,1.0,8,4.0,2.0,1.0,3.0,5.0,4.0,4.0,,3.0
SQ_hwinn,,8,8.0,3.0,,1.0,7.0,2.0,8.0,4.0,3.0
SST_Feaven,,8,4.0,1.0,,1.0,5.0,1.0,4.0,,2.0
SST_Imhac,,8,1.0,2.0,,2.0,2.0,,2.0,1.0,1.0
SST_Runax,,8,4.0,2.0,,3.0,4.0,1.0,3.0,1.0,3.0
SST_Tae9,2.0,8,4.0,2.0,,2.0,7.0,1.0,4.0,2.0,4.0
STK_PurdyKurty,,8,4.0,1.0,,2.0,8.0,4.0,5.0,3.0,4.0
STK_Vegas,,8,2.0,1.0,,1.0,4.0,,4.0,,3.0
STK_alow,,8,4.0,1.0,1.0,1.0,1.0,2.0,4.0,2.0,2.0
STK_penta,,8,5.0,2.0,,2.0,4.0,3.0,6.0,1.0,3.0
TWIS_BatulinS,,8,25.0,10.0,1.0,2.0,7.0,1.0,5.0,2.0,3.0
TWIS_Lu,,8,3.0,2.0,,1.0,6.0,2.0,6.0,2.0,3.0
TWIS_Perfect1ks,,8,,,,,,,,,
TWIS_TheTab,,8,4.0,1.0,,1.0,8.0,1.0,6.0,1.0,2.0
TWIS_spyrro,,8,4.0,1.0,1.0,3.0,1.0,1.0,7.0,3.0,5.0
Tian_77owo,,8,5.0,1.0,,2.0,3.0,2.0,,2.0,3.0
Tian_LinShu,,8,4.0,1.0,,1.0,5.0,1.0,5.0,1.0,1.0
Tian_LongSkr,,8,4.0,4.0,,3.0,3.0,,4.0,2.0,4.0
Tian_PaoPao,,8,4.0,1.0,,1.0,5.0,,5.0,3.0,5.0
17_Lilghost,1.0,9,3.0,2.0,,1.0,6.0,2.0,4.0,4.0,
17_SuJiu,2.0,9,3.0,1.0,1.0,2.0,3.0,1.0,1.0,4.0,4.0
17_Xbei,1.0,9,3.0,5.0,,,7.0,,6.0,4.0,1.0
17_xwudd,,9,3.0,2.0,,1.0,1.0,,3.0,3.0,
4AM_CRAZY112,2.0,9,6.0,1.0,1.0,2.0,5.0,1.0,5.0,3.0,8.0
4AM_Summer,,9,4.0,1.0,,5.0,6.0,2.0,5.0,1.0,4.0
4AM_WangZai,,9,5.0,1.0,,2.0,4.0,1.0,4.0,2.0,6.0
4AM_Xiaohaixxxx,2.0,9,5.0,1.0,,4.0,8.0,4.0,12.0,7.0,4.0
4AM_xxxLu,,9,,,,,,,,,
ACE_ItzzChrizZ,,9,,,,,,,,,
ACE_KILYAKAi,,9,,,,,,,,,
ACE_Myca,,9,,,,,,,,,
ACE_braex,,9,,,,,,,,,
CES_HaiSaki,,9,,,,,,,,,
CES_Himass,,9,,,,,,,,,
CES_Taikonn,,9,,,,,,,,,
CES_YmCud,,9,,,,,,,,,
DAY_Belmoth,1.0,9,2.0,2.0,1.0,4.0,,1.0,5.0,3.0,1.0
DAY_Flash,,9,3.0,2.0,,3.0,6.0,1.0,4.0,2.0,2.0
DAY_Nourinz,,9,5.0,2.0,1.0,2.0,5.0,2.0,4.0,1.0,1.0
DAY_PuuChiwz,,9,4.0,1.0,,2.0,1.0,1.0,3.0,3.0,1.0
DNW_Inonix,1.0,9,3.0,1.0,,2.0,6.0,,4.0,4.0,2.0
DNW_Loki,,9,5.0,2.0,,1.0,6.0,1.0,8.0,1.0,5.0
DNW_Salute,1.0,9,2.0,2.0,,2.0,6.0,1.0,9.0,6.0,2.0
DNW_seoul,,9,4.0,1.0,1.0,3.0,7.0,1.0,5.0,3.0,4.0
EXO_Akita,,9,,,,,,,,,
EXO_Hikerman,,9,,,,,,,,,
EXO_Rain,,9,,,,,,,,,
EXO_empt,,9,,,,,,,,,
EXO_kang,,9,,,,,,,,,
FaZe_Fexx,1.0,9,5.0,,,2.0,10.0,,9.0,6.0,3.0
FaZe_Gustav,,9,4.0,1.0,,3.0,12.0,2.0,5.0,8.0,5.0
FaZe_curexi,,9,4.0,1.0,,2.0,4.0,,5.0,1.0,5.0
FaZe_jeemzz,,9,5.0,2.0,,,8.0,4.0,16.0,5.0,2.0
GBL_Glaz,,9,,,,,,,,,
GBL_Gyumin,,9,,,,,,,,,
GBL_Heaven,,9,,,,,,,,,
GBL_Tosi,,9,,,,,,,,,
GEN_DG98,,9,,,,,,,,,
GEN_Foxy,,9,,,,,,,,,
GEN_Pio,,9,,,,,,,,,
GEN_taemin,,9,,,,,,,,,
GEX_Leo,,9,7.0,,1.0,3.0,5.0,1.0,3.0,5.0,1.0
GEX_Savior,,9,4.0,2.0,,4.0,6.0,2.0,5.0,6.0,2.0
GEX_Yuri,1.0,9,5.0,3.0,1.0,1.0,6.0,2.0,4.0,,2.0
GEX_ZhenNan,,9,5.0,2.0,,5.0,5.0,,10.0,8.0,2.0
HOWL_Apocalyp,,9,6.0,1.0,,5.0,4.0,2.0,3.0,3.0,4.0
HOWL_RuerN,,9,2.0,1.0,,2.0,6.0,1.0,5.0,4.0,4.0
HOWL_TheMad,,9,3.0,1.0,,3.0,8.0,1.0,4.0,3.0,1.0
HOWL_scof1eld,,9,7.0,3.0,1.0,1.0,10.0,1.0,6.0,2.0,3.0
III_Adam,1.0,9,3.0,2.0,1.0,2.0,5.0,1.0,2.0,4.0,1.0
III_RichyB,,9,5.0,2.0,,2.0,3.0,2.0,4.0,7.0,2.0
III_Vox,,9,2.0,,,,1.0,,,,
III_oldless,,9,1.0,,,,2.0,,1.0,,
LG_Fludd,,9,,,,,,,,,
LG_Kickstart,,9,,,,,,,,,
LG_Relo,,9,,,,,,,,,
LG_Snakers,,9,,,,,,,,,
NAVI_Mell,,9,,,,,,,,,
NAVI_alya,,9,,,,,,,,,
NAVI_ubah,,9,,,,,,,,,
NAVI_xmpl,,9,,,,,,,,,
NH_HSmm,1.0,9,4.0,2.0,,,4.0,7.0,3.0,2.0,6.0
NH_MMing,,9,5.0,1.0,,2.0,6.0,,3.0,5.0,2.0
NH_Nannnnn,1.0,9,2.0,2.0,,4.0,2.0,1.0,3.0,1.0,8.0
NH_ZpYan1,,9,4.0,1.0,,2.0,10.0,1.0,5.0,3.0,4.0
PLM_BORBO4Tz,,9,3.0,1.0,,1.0,3.0,,2.0,5.0,
PLM_Flukky,,9,2.0,1.0,,2.0,2.0,1.0,3.0,3.0,2.0
PLM_ThanawatTH,,9,2.0,1.0,,1.0,4.0,,5.0,4.0,2.0
PLM_Thunderz,,9,5.0,2.0,,1.0,5.0,1.0,3.0,6.0,2.0
PTG_Adder,,9,3.0,2.0,,2.0,4.0,,5.0,2.0,2.0
PTG_Akad,,9,,,,,,,1.0,,
PTG_Hikari,,9,2.0,5.0,,,6.0,1.0,4.0,2.0,2.0
PTG_WICKED,,9,5.0,2.0,,1.0,6.0,2.0,,3.0,1.0
PeRo_AZ,,9,,,,,,,,,
PeRo_Aixleft,,9,,,,,,,,,
PeRo_Cui71,,9,,,,,,,,,
PeRo_Myl,,9,,,,,,,,,
SQ_M1ME,1.0,9,5.0,1.0,1.0,3.0,4.0,4.0,6.0,3.0,9.0
SQ_Shrimzy,,9,7.0,4.0,,2.0,11.0,1.0,7.0,6.0,3.0
SQ_TGLTN,,9,4.0,3.0,,2.0,6.0,,8.0,3.0,2.0
SQ_hwinn,,9,7.0,1.0,1.0,3.0,7.0,4.0,5.0,2.0,5.0
SST_Feaven,,9,4.0,1.0,,1.0,3.0,,3.0,4.0,1.0
SST_Imhac,,9,4.0,1.0,,,3.0,4.0,2.0,2.0,1.0
SST_Runax,1.0,9,4.0,1.0,1.0,1.0,3.0,,3.0,4.0,2.0
SST_Tae9,,9,5.0,2.0,1.0,5.0,5.0,5.0,3.0,2.0,4.0
STK_PurdyKurty,2.0,9,8.0,3.0,,2.0,5.0,2.0,7.0,1.0,3.0
STK_Vegas,,9,4.0,3.0,,2.0,4.0,,7.0,4.0,1.0
STK_alow,,9,8.0,,1.0,2.0,6.0,,6.0,2.0,7.0
STK_penta,,9,4.0,2.0,,1.0,7.0,,6.0,3.0,2.0
TWIS_BatulinS,1.0,9,4.0,2.0,,4.0,4.0,1.0,13.0,2.0,5.0
TWIS_Lu,,9,6.0,3.0,,3.0,2.0,2.0,8.0,6.0,11.0
TWIS_Perfect1ks,,9,,,,,,,,,
TWIS_TheTab,2.0,9,5.0,1.0,,2.0,4.0,,5.0,6.0,5.0
TWIS_spyrro,1.0,9,7.0,3.0,,3.0,3.0,3.0,6.0,10.0,8.0
Tian_77owo,,9,6.0,2.0,,4.0,6.0,2.0,4.0,2.0,3.0
Tian_LinShu,2.0,9,6.0,1.0,1.0,3.0,4.0,1.0,6.0,6.0,6.0
Tian_LongSkr,1.0,9,6.0,4.0,,3.0,7.0,3.0,4.0,4.0,5.0
Tian_PaoPao,,9,4.0,1.0,,2.0,3.0,1.0,3.0,2.0,1.0
17_Lilghost,,10,5.0,1.0,,1.0,4.0,1.0,3.0,1.0,4.0
17_SuJiu,,10,4.0,1.0,,2.0,2.0,2.0,2.0,,2.0
17_Xbei,,10,4.0,2.0,,,6.0,2.0,4.0,2.0,1.0
17_xwudd,1.0,10,7.0,1.0,,,3.0,1.0,3.0,2.0,2.0
4AM_CRAZY112,,10,6.0,1.0,,2.0,9.0,1.0,6.0,2.0,10.0
4AM_Summer,,10,8.0,2.0,,2.0,5.0,3.0,9.0,4.0,6.0
4AM_WangZai,,10,7.0,1.0,,4.0,8.0,2.0,7.0,4.0,2.0
4AM_Xiaohaixxxx,,10,4.0,1.0,,2.0,4.0,1.0,7.0,3.0,1.0
4AM_xxxLu,,10,,,,,,,,,
ACE_ItzzChrizZ,,10,,,,,,,,,
ACE_KILYAKAi,,10,,,,,,,,,
ACE_Myca,,10,,,,,,,,,
ACE_braex,,10,,,,,,,,,
CES_HaiSaki,,10,,,,,,,,,
CES_Himass,,10,,,,,,,,,
CES_Taikonn,,10,,,,,,,,,
CES_YmCud,,10,,,,,,,,,
DAY_Belmoth,,10,3.0,1.0,,5.0,5.0,2.0,4.0,1.0,3.0
DAY_Flash,,10,4.0,2.0,,1.0,5.0,3.0,5.0,4.0,4.0
DAY_Nourinz,,10,4.0,1.0,,2.0,4.0,2.0,4.0,3.0,2.0
DAY_PuuChiwz,,10,5.0,1.0,,2.0,4.0,1.0,5.0,,3.0
DNW_Inonix,1.0,10,6.0,1.0,,2.0,4.0,3.0,7.0,3.0,5.0
DNW_Loki,,10,4.0,1.0,1.0,1.0,5.0,3.0,2.0,2.0,1.0
DNW_Salute,,10,4.0,1.0,,,7.0,,6.0,1.0,4.0
DNW_seoul,,10,4.0,1.0,,,6.0,2.0,4.0,1.0,5.0
EXO_Akita,,10,,,,,,,,,
EXO_Hikerman,,10,,,,,,,,,
EXO_Rain,,10,,,,,,,,,
EXO_empt,,10,,,,,,,,,
EXO_kang,,10,,,,,,,,,
FaZe_Fexx,,10,6.0,3.0,,2.0,8.0,3.0,7.0,6.0,2.0
FaZe_Gustav,,10,7.0,3.0,,2.0,6.0,,2.0,6.0,2.0
FaZe_curexi,,10,4.0,1.0,,3.0,5.0,5.0,8.0,4.0,5.0
FaZe_jeemzz,,10,7.0,2.0,1.0,4.0,2.0,1.0,3.0,2.0,1.0
GBL_Glaz,,10,,,,,,,,,
GBL_Gyumin,,10,,,,,,,,,
GBL_Heaven,,10,,,,,,,,,
GBL_Tosi,,10,,,,,,,,,
GEN_DG98,,10,,,,,,,,,
GEN_Foxy,,10,,,,,,,,,
GEN_Pio,,10,,,,,,,,,
GEN_taemin,,10,,,,,,,,,
GEX_Leo,1.0,10,5.0,2.0,,3.0,8.0,1.0,4.0,1.0,2.0
GEX_Savior,,10,5.0,1.0,,3.0,3.0,,5.0,3.0,2.0
GEX_Yuri,,10,4.0,2.0,1.0,3.0,11.0,1.0,1.0,2.0,
GEX_ZhenNan,,10,4.0,1.0,,2.0,11.0,,5.0,1.0,2.0
HOWL_Apocalyp,1.0,10,3.0,5.0,,3.0,4.0,1.0,5.0,1.0,1.0
HOWL_RuerN,,10,6.0,1.0,,2.0,1.0,2.0,3.0,3.0,3.0
HOWL_TheMad,1.0,10,6.0,2.0,,2.0,1.0,1.0,3.0,1.0,2.0
HOWL_scof1eld,2.0,10,4.0,2.0,,4.0,2.0,,5.0,2.0,1.0
III_Adam,,10,6.0,1.0,,1.0,3.0,,6.0,6.0,4.0
III_RichyB,,10,8.0,,,5.0,5.0,6.0,2.0,2.0,3.0
III_Vox,,10,6.0,2.0,,1.0,4.0,1.0,5.0,4.0,5.0
III_oldless,,10,4.0,1.0,,2.0,9.0,2.0,7.0,2.0,2.0
LG_Fludd,,10,,,,,,,,,
LG_Kickstart,,10,,,,,,,,,
LG_Relo,,10,,,,,,,,,
LG_Snakers,,10,,,,,,,,,
NAVI_Mell,,10,,,,,,,,,
NAVI_alya,,10,,,,,,,,,
NAVI_ubah,,10,,,,,,,,,
NAVI_xmpl,,10,,,,,,,,,
NH_HSmm,,10,5.0,2.0,,3.0,5.0,3.0,5.0,,
NH_MMing,2.0,10,6.0,1.0,,3.0,4.0,1.0,2.0,2.0,2.0
NH_Nannnnn,1.0,10,3.0,1.0,,2.0,5.0,1.0,5.0,1.0,4.0
NH_ZpYan1,1.0,10,4.0,1.0,,1.0,7.0,1.0,3.0,1.0,4.0
PLM_BORBO4Tz,,10,7.0,3.0,,2.0,1.0,1.0,6.0,3.0,1.0
PLM_Flukky,,10,4.0,2.0,,3.0,3.0,1.0,4.0,3.0,4.0
PLM_ThanawatTH,,10,4.0,2.0,,1.0,4.0,1.0,2.0,2.0,
PLM_Thunderz,,10,2.0,1.0,1.0,2.0,1.0,2.0,4.0,3.0,1.0
PTG_Adder,1.0,10,6.0,1.0,,2.0,3.0,1.0,3.0,2.0,2.0
PTG_Akad,,10,5.0,3.0,,1.0,4.0,,1.0,,1.0
PTG_Hikari,,10,7.0,2.0,,1.0,10.0,1.0,5.0,2.0,1.0
PTG_WICKED,,10,4.0,1.0,,3.0,5.0,1.0,10.0,7.0,4.0
PeRo_AZ,,10,,,,,,,,,
PeRo_Aixleft,,10,,,,,,,,,
PeRo_Cui71,,10,,,,,,,,,
PeRo_Myl,,10,,,,,,,,,
SQ_M1ME,,10,4.0,2.0,1.0,2.0,1.0,1.0,3.0,,2.0
SQ_Shrimzy,1.0,10,5.0,1.0,,3.0,4.0,,6.0,2.0,2.0
SQ_TGLTN,,10,3.0,2.0,1.0,2.0,2.0,,5.0,2.0,4.0
SQ_hwinn,1.0,10,4.0,2.0,,2.0,8.0,2.0,3.0,1.0,4.0
SST_Feaven,,10,4.0,,,1.0,4.0,1.0,3.0,3.0,3.0
SST_Imhac,,10,4.0,2.0,1.0,1.0,7.0,2.0,1.0,3.0,2.0
SST_Runax,1.0,10,4.0,2.0,,3.0,5.0,,4.0,1.0,2.0
SST_Tae9,1.0,10,9.0,2.0,,2.0,7.0,,5.0,1.0,2.0
STK_PurdyKurty,,10,5.0,4.0,,2.0,3.0,2.0,4.0,,
STK_Vegas,1.0,10,7.0,1.0,,,6.0,3.0,4.0,2.0,2.0
STK_alow,,10,5.0,,,1.0,1.0,1.0,3.0,1.0,4.0
STK_penta,,10,5.0,2.0,,1.0,3.0,,9.0,1.0,3.0
TWIS_BatulinS,,10,5.0,2.0,1.0,2.0,5.0,1.0,5.0,1.0,5.0
TWIS_Lu,,10,5.0,1.0,,1.0,2.0,1.0,7.0,1.0,5.0
TWIS_Perfect1ks,,10,,,,,,,,,
TWIS_TheTab,1.0,10,3.0,1.0,1.0,3.0,4.0,2.0,9.0,,3.0
TWIS_spyrro,,10,4.0,4.0,,2.0,3.0,2.0,3.0,3.0,1.0
Tian_77owo,,10,8.0,1.0,,6.0,2.0,1.0,8.0,,9.0
Tian_LinShu,3.0,10,3.0,1.0,,2.0,6.0,4.0,3.0,5.0,7.0
Tian_LongSkr,,10,7.0,1.0,,5.0,6.0,6.0,11.0,2.0,9.0
Tian_PaoPao,,10,5.0,3.0,,2.0,1.0,3.0,2.0,1.0,5.0
17_Lilghost,,11,5.0,1.0,,4.0,5.0,,2.0,3.0,5.0
17_SuJiu,1.0,11,3.0,1.0,,2.0,5.0,1.0,2.0,4.0,2.0
17_Xbei,,11,6.0,2.0,,1.0,4.0,2.0,4.0,3.0,3.0
17_xwudd,,11,4.0,1.0,,2.0,1.0,1.0,3.0,3.0,3.0
4AM_CRAZY112,1.0,11,3.0,1.0,,2.0,5.0,,6.0,3.0,8.0
4AM_Summer,1.0,11,3.0,1.0,,4.0,6.0,5.0,6.0,5.0,6.0
4AM_WangZai,,11,5.0,1.0,,2.0,5.0,,3.0,2.0,1.0
4AM_Xiaohaixxxx,,11,4.0,2.0,,8.0,3.0,1.0,3.0,6.0,2.0
4AM_xxxLu,,11,,,,,,,,,
ACE_ItzzChrizZ,,11,,,,,,,,,
ACE_KILYAKAi,,11,,,,,,,,,
ACE_Myca,,11,,,,,,,,,
ACE_braex,,11,,,,,,,,,
CES_HaiSaki,,11,,,,,,,,,
CES_Himass,,11,,,,,,,,,
CES_Taikonn,,11,,,,,,,,,
CES_YmCud,,11,,,,,,,,,
DAY_Belmoth,1.0,11,6.0,1.0,,4.0,6.0,1.0,6.0,6.0,2.0
DAY_Flash,,11,3.0,3.0,,3.0,6.0,1.0,2.0,1.0,2.0
DAY_Nourinz,,11,4.0,1.0,,2.0,3.0,1.0,4.0,2.0,2.0
DAY_PuuChiwz,1.0,11,3.0,1.0,,1.0,4.0,1.0,4.0,2.0,1.0
DNW_Inonix,,11,4.0,1.0,1.0,2.0,6.0,,3.0,1.0,4.0
DNW_Loki,1.0,11,5.0,3.0,1.0,2.0,3.0,1.0,7.0,,2.0
DNW_Salute,,11,5.0,3.0,1.0,3.0,5.0,,6.0,1.0,
DNW_seoul,,11,4.0,1.0,,3.0,5.0,2.0,5.0,1.0,2.0
EXO_Akita,,11,,,,,,,,,
EXO_Hikerman,,11,,,,,,,,,
EXO_Rain,,11,,,,,,,,,
EXO_empt,,11,,,,,,,,,
EXO_kang,,11,,,,,,,,,
FaZe_Fexx,1.0,11,7.0,5.0,,4.0,9.0,,5.0,2.0,2.0
FaZe_Gustav,2.0,11,6.0,2.0,1.0,6.0,4.0,2.0,1.0,3.0,1.0
FaZe_curexi,1.0,11,3.0,1.0,1.0,2.0,4.0,2.0,4.0,1.0,2.0
FaZe_jeemzz,,11,6.0,1.0,,2.0,6.0,2.0,6.0,4.0,
GBL_Glaz,,11,,,,,,,,,
GBL_Gyumin,,11,,,,,,,,,
GBL_Heaven,,11,,,,,,,,,
GBL_Tosi,,11,,,,,,,,,
GEN_DG98,,11,,,,,,,,,
GEN_Foxy,,11,,,,,,,,,
GEN_Pio,,11,,,,,,,,,
GEN_taemin,,11,,,,,,,,,
GEX_Leo,1.0,11,4.0,1.0,,5.0,1.0,,3.0,1.0,3.0
GEX_Savior,,11,5.0,1.0,,1.0,8.0,2.0,5.0,1.0,4.0
GEX_Yuri,1.0,11,6.0,3.0,,1.0,7.0,,7.0,4.0,
GEX_ZhenNan,1.0,11,6.0,3.0,1.0,1.0,7.0,5.0,6.0,11.0,3.0
HOWL_Apocalyp,2.0,11,2.0,3.0,,4.0,2.0,1.0,5.0,4.0,2.0
HOWL_RuerN,1.0,11,5.0,5.0,1.0,3.0,4.0,3.0,4.0,3.0,2.0
HOWL_TheMad,,11,3.0,5.0,,2.0,4.0,1.0,4.0,3.0,4.0
HOWL_scof1eld,2.0,11,4.0,2.0,,2.0,7.0,,8.0,2.0,1.0
III_Adam,,11,8.0,2.0,,1.0,6.0,2.0,2.0,8.0,1.0
III_RichyB,,11,5.0,3.0,1.0,1.0,2.0,3.0,7.0,3.0,2.0
III_Vox,,11,5.0,2.0,,3.0,4.0,6.0,7.0,4.0,7.0
III_oldless,,11,6.0,,1.0,1.0,6.0,,8.0,2.0,1.0
LG_Fludd,,11,,,,,,,,,
LG_Kickstart,,11,,,,,,,,,
LG_Relo,,11,,,,,,,,,
LG_Snakers,,11,,,,,,,,,
NAVI_Mell,,11,,,,,,,,,
NAVI_alya,,11,,,,,,,,,
NAVI_ubah,,11,,,,,,,,,
NAVI_xmpl,,11,,,,,,,,,
NH_HSmm,1.0,11,2.0,1.0,,2.0,4.0,1.0,5.0,2.0,3.0
NH_MMing,,11,6.0,1.0,,,8.0,,4.0,2.0,2.0
NH_Nannnnn,,11,4.0,2.0,,2.0,6.0,1.0,2.0,1.0,3.0
NH_ZpYan1,,11,6.0,1.0,,3.0,2.0,1.0,3.0,2.0,4.0
PLM_BORBO4Tz,,11,4.0,2.0,,3.0,1.0,1.0,2.0,4.0,3.0
PLM_Flukky,,11,6.0,3.0,,3.0,7.0,3.0,4.0,5.0,
PLM_ThanawatTH,1.0,11,6.0,2.0,,2.0,3.0,3.0,6.0,8.0,4.0
PLM_Thunderz,1.0,11,2.0,2.0,1.0,,3.0,1.0,6.0,5.0,1.0
PTG_Adder,,11,1.0,,,1.0,,,,,
PTG_Akad,,11,,,,1.0,,,,1.0,1.0
PTG_Hikari,,11,,,,,,,1.0,,1.0
PTG_WICKED,,11,,,,,,,,,
PeRo_AZ,,11,,,,,,,,,
PeRo_Aixleft,,11,,,,,,,,,
PeRo_Cui71,,11,,,,,,,,,
PeRo_Myl,,11,,,,,,,,,
SQ_M1ME,,11,4.0,4.0,,2.0,3.0,4.0,4.0,6.0,3.0
SQ_Shrimzy,,11,3.0,2.0,,3.0,5.0,,3.0,2.0,3.0
SQ_TGLTN,,11,3.0,3.0,1.0,4.0,,1.0,3.0,1.0,8.0
SQ_hwinn,1.0,11,5.0,2.0,,1.0,6.0,1.0,9.0,2.0,4.0
SST_Feaven,,11,3.0,1.0,,2.0,1.0,2.0,2.0,2.0,2.0
SST_Imhac,,11,4.0,1.0,2.0,1.0,3.0,4.0,3.0,3.0,3.0
SST_Runax,1.0,11,2.0,1.0,1.0,3.0,2.0,2.0,1.0,4.0,1.0
SST_Tae9,,11,4.0,2.0,1.0,2.0,5.0,,3.0,3.0,3.0
STK_PurdyKurty,1.0,11,8.0,2.0,,1.0,8.0,2.0,10.0,4.0,7.0
STK_Vegas,3.0,11,7.0,2.0,,3.0,10.0,4.0,9.0,3.0,4.0
STK_alow,,11,7.0,2.0,,3.0,6.0,1.0,4.0,4.0,2.0
STK_penta,,11,6.0,2.0,,2.0,8.0,,4.0,2.0,2.0
TWIS_BatulinS,1.0,11,3.0,6.0,,6.0,5.0,1.0,13.0,5.0,3.0
TWIS_Lu,,11,6.0,2.0,,4.0,5.0,1.0,2.0,9.0,3.0
TWIS_Perfect1ks,,11,,,,,,,,,
TWIS_TheTab,,11,3.0,1.0,,2.0,4.0,,1.0,3.0,1.0
TWIS_spyrro,,11,5.0,3.0,,2.0,2.0,2.0,3.0,4.0,2.0
Tian_77owo,,11,5.0,1.0,,2.0,5.0,,10.0,5.0,7.0
Tian_LinShu,1.0,11,3.0,1.0,,2.0,5.0,,3.0,4.0,1.0
Tian_LongSkr,1.0,11,3.0,3.0,,,5.0,,2.0,2.0,1.0
Tian_PaoPao,1.0,11,3.0,1.0,,1.0,9.0,,5.0,4.0,5.0
17_Lilghost,,12,6.0,1.0,,,6.0,1.0,4.0,1.0,2.0
17_SuJiu,,12,6.0,1.0,,3.0,3.0,,4.0,1.0,4.0
17_Xbei,,12,5.0,2.0,,,2.0,2.0,2.0,2.0,2.0
17_xwudd,,12,4.0,1.0,,2.0,2.0,1.0,2.0,,2.0
4AM_CRAZY112,,12,5.0,1.0,2.0,2.0,8.0,,5.0,2.0,2.0
4AM_Summer,,12,4.0,1.0,,3.0,5.0,,6.0,3.0,4.0
4AM_WangZai,1.0,12,5.0,1.0,1.0,1.0,4.0,2.0,2.0,,2.0
4AM_Xiaohaixxxx,,12,4.0,1.0,,3.0,2.0,4.0,2.0,3.0,2.0
4AM_xxxLu,,12,,,,,,,,,
ACE_ItzzChrizZ,,12,,,,,,,,,
ACE_KILYAKAi,,12,,,,,,,,,
ACE_Myca,,12,,,,,,,,,
ACE_braex,,12,,,,,,,,,
CES_HaiSaki,,12,,,,,,,,,
CES_Himass,,12,,,,,,,,,
CES_Taikonn,,12,,,,,,,,,
CES_YmCud,,12,,,,,,,,,
DAY_Belmoth,,12,3.0,1.0,,2.0,1.0,,6.0,3.0,3.0
DAY_Flash,,12,4.0,2.0,,1.0,2.0,,8.0,,1.0
DAY_Nourinz,,12,4.0,2.0,,2.0,3.0,,4.0,1.0,2.0
DAY_PuuChiwz,1.0,12,6.0,1.0,,1.0,1.0,1.0,2.0,2.0,2.0
DNW_Inonix,,12,5.0,2.0,,2.0,6.0,1.0,6.0,,4.0
DNW_Loki,,12,6.0,2.0,,1.0,5.0,1.0,7.0,2.0,3.0
DNW_Salute,,12,5.0,3.0,,2.0,10.0,2.0,7.0,1.0,5.0
DNW_seoul,,12,7.0,3.0,,3.0,11.0,1.0,5.0,3.0,3.0
EXO_Akita,,12,,,,,,,,,
EXO_Hikerman,,12,,,,,,,,,
EXO_Rain,,12,,,,,,,,,
EXO_empt,,12,,,,,,,,,
EXO_kang,,12,,,,,,,,,
FaZe_Fexx,,12,4.0,4.0,,2.0,5.0,1.0,5.0,4.0,1.0
FaZe_Gustav,,12,4.0,2.0,1.0,3.0,3.0,1.0,5.0,,5.0
FaZe_curexi,,12,4.0,1.0,1.0,2.0,1.0,1.0,2.0,2.0,3.0
FaZe_jeemzz,,12,6.0,2.0,,2.0,7.0,1.0,4.0,,4.0
GBL_Glaz,,12,,,,,,,,,
GBL_Gyumin,,12,,,,,,,,,
GBL_Heaven,,12,,,,,,,,,
GBL_Tosi,,12,,,,,,,,,
GEN_DG98,,12,,,,,,,,,
GEN_Foxy,,12,,,,,,,,,
GEN_Pio,,12,,,,,,,,,
GEN_taemin,,12,,,,,,,,,
GEX_Leo,,12,5.0,4.0,,1.0,6.0,,7.0,2.0,1.0
GEX_Savior,,12,4.0,1.0,,2.0,5.0,,3.0,2.0,3.0
GEX_Yuri,1.0,12,4.0,2.0,,4.0,5.0,1.0,2.0,,1.0
GEX_ZhenNan,1.0,12,7.0,1.0,,2.0,7.0,2.0,5.0,2.0,3.0
HOWL_Apocalyp,,12,3.0,2.0,,,10.0,2.0,4.0,1.0,1.0
HOWL_RuerN,,12,3.0,2.0,,4.0,4.0,1.0,2.0,1.0,1.0
HOWL_TheMad,,12,6.0,2.0,,1.0,3.0,,3.0,1.0,2.0
HOWL_scof1eld,,12,6.0,2.0,,2.0,6.0,1.0,2.0,,2.0
III_Adam,,12,4.0,1.0,,2.0,5.0,3.0,7.0,3.0,4.0
III_RichyB,,12,8.0,3.0,1.0,3.0,7.0,9.0,11.0,8.0,3.0
III_Vox,,12,8.0,2.0,1.0,1.0,6.0,1.0,4.0,5.0,6.0
III_oldless,,12,5.0,1.0,,4.0,4.0,1.0,6.0,4.0,2.0
LG_Fludd,,12,,,,,,,,,
LG_Kickstart,,12,,,,,,,,,
LG_Relo,,12,,,,,,,,,
LG_Snakers,,12,,,,,,,,,
NAVI_Mell,,12,,,,,,,,,
NAVI_alya,,12,,,,,,,,,
NAVI_ubah,,12,,,,,,,,,
NAVI_xmpl,,12,,,,,,,,,
NH_HSmm,,12,5.0,1.0,,2.0,4.0,2.0,5.0,1.0,3.0
NH_MMing,1.0,12,6.0,2.0,1.0,2.0,9.0,,6.0,3.0,3.0
NH_Nannnnn,,12,5.0,2.0,,1.0,7.0,1.0,3.0,,6.0
NH_ZpYan1,1.0,12,4.0,1.0,,1.0,7.0,1.0,4.0,2.0,6.0
PLM_BORBO4Tz,,12,4.0,1.0,1.0,3.0,,,5.0,2.0,4.0
PLM_Flukky,,12,6.0,4.0,,3.0,10.0,1.0,7.0,3.0,6.0
PLM_ThanawatTH,,12,6.0,3.0,,4.0,4.0,2.0,1.0,,3.0
PLM_Thunderz,,12,5.0,2.0,,4.0,5.0,4.0,2.0,2.0,2.0
PTG_Adder,,12,4.0,2.0,,3.0,5.0,1.0,5.0,2.0,3.0
PTG_Akad,,12,5.0,2.0,,1.0,3.0,,6.0,3.0,2.0
PTG_Hikari,,12,6.0,1.0,,,9.0,1.0,2.0,,3.0
PTG_WICKED,,12,5.0,3.0,,1.0,4.0,2.0,3.0,2.0,3.0
PeRo_AZ,,12,,,,,,,,,
PeRo_Aixleft,,12,,,,,,,,,
PeRo_Cui71,,12,,,,,,,,,
PeRo_Myl,,12,,,,,,,,,
SQ_M1ME,,12,4.0,2.0,,1.0,2.0,1.0,1.0,3.0,4.0
SQ_Shrimzy,,12,4.0,2.0,,2.0,2.0,4.0,2.0,3.0,2.0
SQ_TGLTN,,12,5.0,1.0,,2.0,4.0,,4.0,1.0,2.0
SQ_hwinn,,12,6.0,2.0,,3.0,4.0,1.0,5.0,1.0,3.0
SST_Feaven,,12,5.0,1.0,,1.0,4.0,,6.0,1.0,3.0
SST_Imhac,1.0,12,3.0,1.0,,1.0,4.0,,3.0,,3.0
SST_Runax,1.0,12,6.0,3.0,,1.0,3.0,,2.0,2.0,1.0
SST_Tae9,,12,4.0,1.0,,,6.0,4.0,6.0,5.0,2.0
STK_PurdyKurty,,12,7.0,2.0,1.0,3.0,6.0,3.0,4.0,1.0,5.0
STK_Vegas,,12,6.0,2.0,,2.0,4.0,1.0,5.0,,4.0
STK_alow,1.0,12,5.0,,,2.0,5.0,,4.0,2.0,3.0
STK_penta,,12,5.0,3.0,,,4.0,1.0,5.0,3.0,3.0
TWIS_BatulinS,,12,5.0,4.0,,6.0,4.0,2.0,5.0,1.0,1.0
TWIS_Lu,,12,4.0,2.0,1.0,3.0,3.0,1.0,8.0,2.0,1.0
TWIS_Perfect1ks,,12,,,,,,,,,
TWIS_TheTab,,12,5.0,1.0,,2.0,5.0,2.0,4.0,,2.0
TWIS_spyrro,,12,6.0,1.0,1.0,1.0,3.0,2.0,5.0,2.0,2.0
Tian_77owo,,12,6.0,2.0,,1.0,5.0,,6.0,,5.0
Tian_LinShu,,12,4.0,1.0,,2.0,4.0,1.0,2.0,2.0,4.0
Tian_LongSkr,,12,4.0,1.0,,3.0,5.0,1.0,3.0,1.0,3.0
Tian_PaoPao,,12,5.0,1.0,,2.0,5.0,1.0,3.0,1.0,1.0
17_Lilghost,,13,5.0,1.0,,2.0,5.0,,5.0,2.0,4.0
17_SuJiu,,13,4.0,1.0,,5.0,4.0,1.0,3.0,5.0,3.0
17_Xbei,,13,5.0,2.0,,3.0,7.0,1.0,4.0,3.0,4.0
17_xwudd,1.0,13,3.0,1.0,,1.0,3.0,,3.0,3.0,3.0
4AM_CRAZY112,,13,,,,,,,,,
4AM_Summer,,13,,,,,,,,,
4AM_WangZai,,13,,,,,,,,,
4AM_Xiaohaixxxx,,13,,,,,,,,,
4AM_xxxLu,,13,,,,,,,,,
ACE_ItzzChrizZ,,13,20.0,1.0,,,10.0,2.0,5.0,3.0,
ACE_KILYAKAi,2.0,13,9.0,1.0,,1.0,7.0,1.0,9.0,4.0,3.0
ACE_Myca,,13,5.0,6.0,,1.0,7.0,,4.0,3.0,2.0
ACE_braex,,13,2.0,2.0,,,5.0,,2.0,5.0,1.0
CES_HaiSaki,,13,,,,,,,1.0,,
CES_Himass,,13,2.0,,,1.0,,1.0,1.0,2.0,2.0
CES_Taikonn,,13,,1.0,,1.0,,,,,1.0
CES_YmCud,,13,2.0,,,,,,1.0,1.0,
DAY_Belmoth,1.0,13,3.0,2.0,,4.0,4.0,2.0,7.0,3.0,1.0
DAY_Flash,,13,9.0,7.0,,2.0,4.0,,11.0,5.0,
DAY_Nourinz,,13,3.0,3.0,,1.0,5.0,,4.0,1.0,3.0
DAY_PuuChiwz,1.0,13,3.0,1.0,,2.0,6.0,2.0,2.0,1.0,1.0
DNW_Inonix,,13,4.0,1.0,,4.0,5.0,1.0,4.0,2.0,2.0
DNW_Loki,,13,8.0,3.0,,1.0,7.0,,3.0,4.0,1.0
DNW_Salute,1.0,13,3.0,2.0,,4.0,2.0,,5.0,3.0,2.0
DNW_seoul,,13,3.0,1.0,2.0,3.0,4.0,,9.0,5.0,4.0
EXO_Akita,2.0,13,5.0,3.0,,3.0,6.0,2.0,2.0,5.0,2.0
EXO_Hikerman,,13,4.0,4.0,,5.0,2.0,,3.0,3.0,2.0
EXO_Rain,2.0,13,5.0,2.0,,1.0,7.0,2.0,10.0,5.0,
EXO_empt,,13,8.0,2.0,,3.0,14.0,1.0,5.0,7.0,2.0
EXO_kang,,13,,,,,,,,,
FaZe_Fexx,,13,5.0,2.0,,2.0,3.0,2.0,3.0,3.0,2.0
FaZe_Gustav,,13,16.0,3.0,,4.0,15.0,4.0,18.0,5.0,3.0
FaZe_curexi,2.0,13,7.0,5.0,,1.0,6.0,1.0,8.0,1.0,3.0
FaZe_jeemzz,,13,7.0,2.0,,6.0,6.0,2.0,6.0,5.0,10.0
GBL_Glaz,,13,6.0,1.0,1.0,4.0,10.0,1.0,5.0,3.0,3.0
GBL_Gyumin,,13,6.0,1.0,1.0,4.0,8.0,4.0,4.0,9.0,4.0
GBL_Heaven,,13,6.0,4.0,2.0,7.0,6.0,1.0,3.0,3.0,3.0
GBL_Tosi,,13,6.0,1.0,1.0,4.0,5.0,2.0,3.0,2.0,2.0
GEN_DG98,1.0,13,3.0,1.0,,3.0,2.0,1.0,,6.0,3.0
GEN_Foxy,1.0,13,2.0,2.0,,1.0,6.0,2.0,5.0,2.0,1.0
GEN_Pio,1.0,13,4.0,1.0,,1.0,4.0,1.0,3.0,1.0,3.0
GEN_taemin,1.0,13,4.0,2.0,,2.0,3.0,1.0,4.0,5.0,
GEX_Leo,,13,6.0,1.0,,1.0,8.0,,1.0,2.0,1.0
GEX_Savior,,13,6.0,1.0,,2.0,5.0,2.0,4.0,,4.0
GEX_Yuri,,13,3.0,1.0,,,2.0,2.0,5.0,1.0,1.0
GEX_ZhenNan,,13,3.0,2.0,,2.0,5.0,,3.0,2.0,5.0
HOWL_Apocalyp,,13,4.0,1.0,,4.0,5.0,,3.0,3.0,2.0
HOWL_RuerN,,13,4.0,2.0,,,10.0,1.0,4.0,3.0,2.0
HOWL_TheMad,,13,2.0,1.0,,2.0,3.0,,6.0,2.0,
HOWL_scof1eld,,13,5.0,5.0,,4.0,3.0,,4.0,2.0,2.0
III_Adam,1.0,13,7.0,2.0,,2.0,6.0,1.0,6.0,7.0,3.0
III_RichyB,,13,5.0,1.0,,2.0,4.0,2.0,4.0,2.0,2.0
III_Vox,,13,3.0,2.0,,2.0,3.0,2.0,4.0,3.0,3.0
III_oldless,,13,4.0,2.0,,,8.0,2.0,8.0,3.0,1.0
LG_Fludd,,13,4.0,2.0,,2.0,3.0,4.0,2.0,4.0,2.0
LG_Kickstart,,13,10.0,1.0,,3.0,7.0,2.0,6.0,3.0,11.0
LG_Relo,,13,7.0,2.0,,,8.0,1.0,8.0,5.0,2.0
LG_Snakers,,13,3.0,4.0,1.0,3.0,3.0,3.0,4.0,6.0,1.0
NAVI_Mell,,13,4.0,1.0,,3.0,3.0,1.0,4.0,4.0,
NAVI_alya,1.0,13,3.0,1.0,,1.0,5.0,,9.0,6.0,1.0
NAVI_ubah,,13,5.0,2.0,,2.0,4.0,1.0,5.0,1.0,2.0
NAVI_xmpl,,13,4.0,1.0,,1.0,4.0,1.0,4.0,3.0,
NH_HSmm,,13,,,,,,,,,
NH_MMing,,13,,,,,,,,,
NH_Nannnnn,,13,,,,,,,,,
NH_ZpYan1,,13,,,,,,,,,
PLM_BORBO4Tz,,13,,,,,,,,,
PLM_Flukky,,13,,,,,,,,,
PLM_ThanawatTH,,13,,,,,,,,,
PLM_Thunderz,,13,,,,,,,,,
PTG_Adder,,13,,,,,,,,,
PTG_Akad,,13,,,,,,,,,
PTG_Hikari,,13,,,,,,,,,
PTG_WICKED,,13,,,,,,,,,
PeRo_AZ,,13,4.0,1.0,1.0,2.0,3.0,1.0,2.0,4.0,2.0
PeRo_Aixleft,1.0,13,4.0,3.0,,4.0,3.0,2.0,3.0,3.0,2.0
PeRo_Cui71,1.0,13,4.0,2.0,,2.0,2.0,,3.0,2.0,3.0
PeRo_Myl,,13,5.0,2.0,1.0,1.0,7.0,2.0,5.0,2.0,1.0
SQ_M1ME,,13,,,,,,,,,
SQ_Shrimzy,,13,,,,,,,,,
SQ_TGLTN,,13,,,,,,,,,
SQ_hwinn,,13,,,,,,,,,
SST_Feaven,,13,,,,,,,,,
SST_Imhac,,13,,,,,,,,,
SST_Runax,,13,,,,,,,,,
SST_Tae9,,13,,,,,,,,,
STK_PurdyKurty,,13,,,,,,,,,
STK_Vegas,,13,,,,,,,,,
STK_alow,,13,,,,,,,,,
STK_penta,,13,,,,,,,,,
TWIS_BatulinS,,13,,,,,,,,,
TWIS_Lu,,13,,,,,,,,,
TWIS_Perfect1ks,,13,,,,,,,,,
TWIS_TheTab,,13,,,,,,,,,
TWIS_spyrro,,13,,,,,,,,,
Tian_77owo,,13,4.0,1.0,,3.0,3.0,,3.0,2.0,6.0
Tian_LinShu,,13,3.0,1.0,,1.0,4.0,2.0,3.0,,1.0
Tian_LongSkr,,13,4.0,1.0,,,6.0,1.0,2.0,2.0,2.0
Tian_PaoPao,1.0,13,4.0,1.0,,3.0,6.0,1.0,2.0,2.0,2.0
17_Lilghost,2.0,14,5.0,2.0,,3.0,4.0,,8.0,6.0,8.0
17_SuJiu,1.0,14,6.0,1.0,,4.0,3.0,1.0,5.0,1.0,5.0
17_Xbei,,14,4.0,2.0,,,5.0,1.0,3.0,3.0,5.0
17_xwudd,1.0,14,5.0,1.0,,1.0,5.0,,5.0,3.0,8.0
4AM_CRAZY112,,14,,,,,,,,,
4AM_Summer,,14,,,,,,,,,
4AM_WangZai,,14,,,,,,,,,
4AM_Xiaohaixxxx,,14,,,,,,,,,
4AM_xxxLu,,14,,,,,,,,,
ACE_ItzzChrizZ,,14,5.0,1.0,,2.0,5.0,,5.0,2.0,2.0
ACE_KILYAKAi,,14,11.0,3.0,1.0,4.0,12.0,1.0,6.0,3.0,5.0
ACE_Myca,,14,8.0,8.0,,4.0,,1.0,9.0,4.0,2.0
ACE_braex,,14,9.0,1.0,,,5.0,,2.0,1.0,6.0
CES_HaiSaki,,14,7.0,2.0,,3.0,5.0,1.0,4.0,,3.0
CES_Himass,,14,4.0,,,1.0,3.0,,3.0,1.0,4.0
CES_Taikonn,,14,11.0,1.0,,1.0,5.0,3.0,3.0,2.0,6.0
CES_YmCud,,14,3.0,2.0,,,1.0,,5.0,2.0,1.0
DAY_Belmoth,,14,4.0,,,1.0,6.0,,5.0,1.0,3.0
DAY_Flash,,14,5.0,2.0,,3.0,4.0,,3.0,3.0,1.0
DAY_Nourinz,,14,1.0,1.0,,,,,1.0,1.0,2.0
DAY_PuuChiwz,,14,,1.0,,,,,,,
DNW_Inonix,,14,4.0,1.0,,5.0,4.0,1.0,6.0,1.0,2.0
DNW_Loki,,14,3.0,2.0,1.0,1.0,4.0,1.0,1.0,3.0,1.0
DNW_Salute,2.0,14,5.0,5.0,,2.0,7.0,2.0,11.0,2.0,6.0
DNW_seoul,,14,6.0,1.0,,3.0,7.0,,7.0,4.0,7.0
EXO_Akita,1.0,14,2.0,2.0,,1.0,3.0,,5.0,1.0,1.0
EXO_Hikerman,1.0,14,4.0,1.0,,2.0,2.0,3.0,3.0,2.0,2.0
EXO_Rain,1.0,14,5.0,3.0,,,1.0,2.0,1.0,5.0,1.0
EXO_empt,,14,6.0,4.0,,2.0,10.0,2.0,6.0,6.0,4.0
EXO_kang,,14,,,,,,,,,
FaZe_Fexx,,14,5.0,2.0,,2.0,3.0,1.0,4.0,2.0,1.0
FaZe_Gustav,,14,5.0,1.0,,,3.0,,1.0,3.0,6.0
FaZe_curexi,,14,4.0,2.0,,1.0,5.0,,5.0,1.0,4.0
FaZe_jeemzz,1.0,14,5.0,2.0,,1.0,6.0,,3.0,3.0,3.0
GBL_Glaz,,14,4.0,2.0,,6.0,7.0,,7.0,2.0,3.0
GBL_Gyumin,2.0,14,3.0,1.0,,2.0,3.0,1.0,6.0,1.0,5.0
GBL_Heaven,,14,6.0,2.0,,2.0,3.0,,7.0,2.0,1.0
GBL_Tosi,1.0,14,6.0,1.0,,3.0,4.0,1.0,5.0,3.0,3.0
GEN_DG98,,14,4.0,2.0,,2.0,4.0,,5.0,3.0,2.0
GEN_Foxy,,14,5.0,1.0,,3.0,5.0,1.0,1.0,,4.0
GEN_Pio,,14,4.0,2.0,,1.0,5.0,2.0,6.0,,2.0
GEN_taemin,,14,3.0,2.0,,3.0,8.0,,3.0,,1.0
GEX_Leo,,14,9.0,2.0,,,1.0,,7.0,3.0,2.0
GEX_Savior,,14,3.0,3.0,,2.0,1.0,,3.0,1.0,
GEX_Yuri,,14,3.0,5.0,,1.0,4.0,1.0,1.0,1.0,
GEX_ZhenNan,,14,4.0,,1.0,1.0,2.0,,4.0,,6.0
HOWL_Apocalyp,,14,5.0,2.0,,2.0,3.0,,3.0,2.0,1.0
HOWL_RuerN,2.0,14,4.0,4.0,,3.0,,1.0,6.0,1.0,
HOWL_TheMad,1.0,14,2.0,4.0,,2.0,3.0,,6.0,,1.0
HOWL_scof1eld,,14,3.0,2.0,1.0,2.0,5.0,1.0,4.0,1.0,
III_Adam,,14,9.0,3.0,,4.0,5.0,,4.0,3.0,
III_RichyB,1.0,14,5.0,3.0,,4.0,2.0,,2.0,4.0,
III_Vox,,14,8.0,1.0,,,2.0,,5.0,,1.0
III_oldless,,14,3.0,3.0,,3.0,1.0,1.0,2.0,3.0,1.0
LG_Fludd,,14,3.0,2.0,,2.0,6.0,1.0,4.0,1.0,2.0
LG_Kickstart,,14,4.0,2.0,,5.0,6.0,,3.0,3.0,2.0
LG_Relo,,14,4.0,2.0,,3.0,5.0,1.0,4.0,2.0,4.0
LG_Snakers,,14,4.0,3.0,,2.0,5.0,3.0,4.0,2.0,7.0
NAVI_Mell,,14,,,,,,,,,
NAVI_alya,,14,,,,,,,,,
NAVI_ubah,,14,,,,,,,,,
NAVI_xmpl,,14,,,,,,,1.0,,1.0
NH_HSmm,,14,,,,,,,,,
NH_MMing,,14,,,,,,,,,
NH_Nannnnn,,14,,,,,,,,,
NH_ZpYan1,,14,,,,,,,,,
PLM_BORBO4Tz,,14,,,,,,,,,
PLM_Flukky,,14,,,,,,,,,
PLM_ThanawatTH,,14,,,,,,,,,
PLM_Thunderz,,14,,,,,,,,,
PTG_Adder,,14,,,,,,,,,
PTG_Akad,,14,,,,,,,,,
PTG_Hikari,,14,,,,,,,,,
PTG_WICKED,,14,,,,,,,,,
PeRo_AZ,,14,3.0,1.0,,3.0,6.0,1.0,3.0,1.0,4.0
PeRo_Aixleft,,14,7.0,1.0,,3.0,7.0,4.0,4.0,7.0,3.0
PeRo_Cui71,,14,4.0,,1.0,,6.0,,2.0,3.0,1.0
PeRo_Myl,,14,5.0,1.0,1.0,1.0,4.0,3.0,6.0,4.0,5.0
SQ_M1ME,,14,,,,,,,,,
SQ_Shrimzy,,14,,,,,,,,,
SQ_TGLTN,,14,,,,,,,,,
SQ_hwinn,,14,,,,,,,,,
SST_Feaven,,14,,,,,,,,,
SST_Imhac,,14,,,,,,,,,
SST_Runax,,14,,,,,,,,,
SST_Tae9,,14,,,,,,,,,
STK_PurdyKurty,,14,,,,,,,,,
STK_Vegas,,14,,,,,,,,,
STK_alow,,14,,,,,,,,,
STK_penta,,14,,,,,,,,,
TWIS_BatulinS,,14,,,,,,,,,
TWIS_Lu,,14,,,,,,,,,
TWIS_Perfect1ks,,14,,,,,,,,,
TWIS_TheTab,,14,,,,,,,,,
TWIS_spyrro,,14,,,,,,,,,
Tian_77owo,,14,5.0,3.0,,1.0,5.0,2.0,3.0,3.0,4.0
Tian_LinShu,,14,6.0,1.0,,2.0,5.0,2.0,4.0,3.0,3.0
Tian_LongSkr,1.0,14,4.0,1.0,,2.0,5.0,3.0,2.0,2.0,7.0
Tian_PaoPao,,14,3.0,1.0,,3.0,6.0,,2.0,4.0,3.0
17_Lilghost,,15,5.0,2.0,,1.0,1.0,3.0,2.0,3.0,1.0
17_SuJiu,1.0,15,3.0,1.0,1.0,1.0,2.0,2.0,3.0,3.0,4.0
17_Xbei,1.0,15,2.0,2.0,,2.0,3.0,2.0,4.0,3.0,4.0
17_xwudd,,15,4.0,1.0,,,8.0,1.0,3.0,3.0,2.0
4AM_CRAZY112,,15,,,,,,,,,
4AM_Summer,,15,,,,,,,,,
4AM_WangZai,,15,,,,,,,,,
4AM_Xiaohaixxxx,,15,,,,,,,,,
4AM_xxxLu,,15,,,,,,,,,
ACE_ItzzChrizZ,,15,4.0,1.0,1.0,1.0,7.0,7.0,3.0,5.0,6.0
ACE_KILYAKAi,,15,4.0,2.0,,,9.0,1.0,5.0,2.0,3.0
ACE_Myca,1.0,15,9.0,1.0,,,6.0,2.0,5.0,4.0,2.0
ACE_braex,,15,4.0,1.0,,5.0,6.0,3.0,4.0,8.0,
CES_HaiSaki,1.0,15,1.0,2.0,,,4.0,,3.0,3.0,3.0
CES_Himass,1.0,15,4.0,2.0,,3.0,4.0,,6.0,5.0,
CES_Taikonn,1.0,15,6.0,2.0,1.0,2.0,4.0,1.0,4.0,2.0,1.0
CES_YmCud,,15,3.0,3.0,,1.0,2.0,,2.0,2.0,
DAY_Belmoth,1.0,15,1.0,1.0,,1.0,4.0,2.0,3.0,3.0,5.0
DAY_Flash,,15,7.0,1.0,1.0,4.0,2.0,1.0,3.0,3.0,2.0
DAY_Nourinz,,15,4.0,3.0,,2.0,4.0,3.0,3.0,3.0,2.0
DAY_PuuChiwz,,15,5.0,1.0,,2.0,,1.0,5.0,1.0,2.0
DNW_Inonix,2.0,15,6.0,1.0,,1.0,8.0,,6.0,6.0,2.0
DNW_Loki,,15,6.0,1.0,,2.0,6.0,1.0,6.0,2.0,
DNW_Salute,3.0,15,6.0,2.0,1.0,2.0,7.0,4.0,6.0,7.0,6.0
DNW_seoul,1.0,15,4.0,1.0,,3.0,4.0,2.0,6.0,3.0,2.0
EXO_Akita,,15,3.0,1.0,,1.0,4.0,1.0,3.0,4.0,4.0
EXO_Hikerman,,15,6.0,3.0,,3.0,4.0,2.0,1.0,7.0,3.0
EXO_Rain,,15,5.0,,,2.0,7.0,1.0,3.0,5.0,3.0
EXO_empt,,15,4.0,2.0,,5.0,2.0,1.0,4.0,3.0,2.0
EXO_kang,,15,,,,,,,,,
FaZe_Fexx,,15,,,,,,,,,
FaZe_Gustav,,15,,,,,1.0,,,,
FaZe_curexi,,15,,,,,,,,,
FaZe_jeemzz,,15,,,,,,,,,
GBL_Glaz,,15,6.0,1.0,,2.0,7.0,,3.0,7.0,1.0
GBL_Gyumin,,15,6.0,2.0,2.0,1.0,6.0,1.0,4.0,5.0,6.0
GBL_Heaven,1.0,15,3.0,2.0,,4.0,5.0,1.0,1.0,4.0,4.0
GBL_Tosi,,15,7.0,1.0,,3.0,5.0,2.0,2.0,4.0,2.0
GEN_DG98,1.0,15,3.0,2.0,,3.0,1.0,1.0,,4.0,5.0
GEN_Foxy,,15,3.0,3.0,,2.0,1.0,1.0,4.0,4.0,1.0
GEN_Pio,,15,7.0,3.0,,2.0,2.0,1.0,3.0,2.0,3.0
GEN_taemin,,15,4.0,3.0,1.0,6.0,5.0,,3.0,2.0,4.0
GEX_Leo,,15,5.0,3.0,,3.0,7.0,1.0,4.0,3.0,2.0
GEX_Savior,,15,6.0,1.0,,2.0,8.0,1.0,7.0,4.0,2.0
GEX_Yuri,,15,5.0,2.0,,2.0,6.0,2.0,3.0,1.0,2.0
GEX_ZhenNan,,15,6.0,2.0,,1.0,7.0,2.0,6.0,7.0,2.0
HOWL_Apocalyp,,15,,1.0,,,,,1.0,,
HOWL_RuerN,,15,6.0,3.0,1.0,,2.0,,1.0,4.0,
HOWL_TheMad,,15,2.0,1.0,,,2.0,,3.0,2.0,
HOWL_scof1eld,,15,1.0,2.0,,3.0,1.0,1.0,3.0,4.0,
III_Adam,2.0,15,3.0,2.0,,3.0,4.0,1.0,1.0,3.0,1.0
III_RichyB,,15,5.0,3.0,,4.0,7.0,,5.0,2.0,1.0
III_Vox,,15,2.0,2.0,,,2.0,,4.0,3.0,2.0
III_oldless,1.0,15,4.0,2.0,,4.0,3.0,1.0,5.0,2.0,
LG_Fludd,,15,3.0,2.0,,1.0,3.0,1.0,2.0,4.0,3.0
LG_Kickstart,1.0,15,2.0,,,4.0,4.0,2.0,2.0,1.0,3.0
LG_Relo,1.0,15,5.0,,,2.0,4.0,1.0,2.0,5.0,1.0
LG_Snakers,,15,4.0,2.0,1.0,3.0,4.0,6.0,4.0,2.0,5.0
NAVI_Mell,,15,4.0,,,3.0,2.0,1.0,4.0,3.0,
NAVI_alya,,15,5.0,1.0,,4.0,3.0,,6.0,4.0,3.0
NAVI_ubah,,15,5.0,1.0,,2.0,2.0,2.0,2.0,5.0,3.0
NAVI_xmpl,,15,7.0,1.0,,2.0,2.0,1.0,1.0,4.0,3.0
NH_HSmm,,15,,,,,,,,,
NH_MMing,,15,,,,,,,,,
NH_Nannnnn,,15,,,,,,,,,
NH_ZpYan1,,15,,,,,,,,,
PLM_BORBO4Tz,,15,,,,,,,,,
PLM_Flukky,,15,,,,,,,,,
PLM_ThanawatTH,,15,,,,,,,,,
PLM_Thunderz,,15,,,,,,,,,
PTG_Adder,,15,,,,,,,,,
PTG_Akad,,15,,,,,,,,,
PTG_Hikari,,15,,,,,,,,,
PTG_WICKED,,15,,,,,,,,,
PeRo_AZ,,15,3.0,2.0,1.0,1.0,3.0,2.0,1.0,4.0,1.0
PeRo_Aixleft,,15,5.0,4.0,,2.0,4.0,1.0,1.0,5.0,4.0
PeRo_Cui71,1.0,15,3.0,2.0,,2.0,2.0,,2.0,2.0,6.0
PeRo_Myl,1.0,15,3.0,4.0,1.0,2.0,1.0,,2.0,2.0,3.0
SQ_M1ME,,15,,,,,,,,,
SQ_Shrimzy,,15,,,,,,,,,
SQ_TGLTN,,15,,,,,,,,,
SQ_hwinn,,15,,,,,,,,,
SST_Feaven,,15,,,,,,,,,
SST_Imhac,,15,,,,,,,,,
SST_Runax,,15,,,,,,,,,
SST_Tae9,,15,,,,,,,,,
STK_PurdyKurty,,15,,,,,,,,,
STK_Vegas,,15,,,,,,,,,
STK_alow,,15,,,,,,,,,
STK_penta,,15,,,,,,,,,
TWIS_BatulinS,,15,,,,,,,,,
TWIS_Lu,,15,,,,,,,,,
TWIS_Perfect1ks,,15,,,,,,,,,
TWIS_TheTab,,15,,,,,,,,,
TWIS_spyrro,,15,,,,,,,,,
Tian_77owo,,15,5.0,2.0,,3.0,6.0,2.0,2.0,2.0,4.0
Tian_LinShu,,15,4.0,1.0,,1.0,6.0,1.0,6.0,6.0,2.0
Tian_LongSkr,,15,1.0,1.0,,,,,,,
Tian_PaoPao,,15,4.0,2.0,1.0,3.0,5.0,,3.0,3.0,2.0
17_Lilghost,,16,5.0,1.0,,1.0,7.0,2.0,2.0,1.0,4.0
17_SuJiu,1.0,16,5.0,1.0,,6.0,7.0,2.0,4.0,3.0,2.0
17_Xbei,,16,6.0,2.0,,1.0,5.0,4.0,4.0,,1.0
17_xwudd,,16,4.0,1.0,,1.0,5.0,,4.0,3.0,3.0
4AM_CRAZY112,,16,,,,,,,,,
4AM_Summer,,16,,,,,,,,,
4AM_WangZai,,16,,,,,,,,,
4AM_Xiaohaixxxx,,16,,,,,,,,,
4AM_xxxLu,,16,,,,,,,,,
ACE_ItzzChrizZ,,16,5.0,1.0,,4.0,7.0,,,,
ACE_KILYAKAi,1.0,16,4.0,1.0,,1.0,5.0,,2.0,1.0,2.0
ACE_Myca,,16,4.0,2.0,,,7.0,3.0,4.0,1.0,
ACE_braex,,16,3.0,,1.0,1.0,4.0,1.0,4.0,1.0,1.0
CES_HaiSaki,,16,8.0,2.0,,6.0,8.0,4.0,12.0,5.0,9.0
CES_Himass,,16,6.0,1.0,,4.0,4.0,3.0,7.0,1.0,5.0
CES_Taikonn,,16,7.0,2.0,1.0,2.0,10.0,2.0,12.0,4.0,4.0
CES_YmCud,,16,5.0,3.0,,2.0,3.0,1.0,10.0,5.0,4.0
DAY_Belmoth,,16,2.0,2.0,,1.0,7.0,,6.0,4.0,
DAY_Flash,,16,4.0,4.0,,,5.0,1.0,6.0,3.0,1.0
DAY_Nourinz,1.0,16,5.0,2.0,,,5.0,1.0,5.0,1.0,1.0
DAY_PuuChiwz,,16,7.0,2.0,,1.0,2.0,,6.0,1.0,2.0
DNW_Inonix,1.0,16,6.0,2.0,,3.0,6.0,,2.0,3.0,4.0
DNW_Loki,,16,6.0,3.0,,1.0,3.0,,3.0,1.0,3.0
DNW_Salute,,16,6.0,2.0,,3.0,5.0,1.0,7.0,1.0,1.0
DNW_seoul,1.0,16,4.0,1.0,,1.0,10.0,1.0,6.0,2.0,3.0
EXO_Akita,,16,5.0,3.0,,2.0,7.0,2.0,1.0,3.0,6.0
EXO_Hikerman,,16,4.0,1.0,,3.0,7.0,1.0,5.0,,3.0
EXO_Rain,,16,4.0,,1.0,1.0,4.0,,2.0,1.0,5.0
EXO_empt,2.0,16,6.0,4.0,2.0,1.0,10.0,1.0,10.0,4.0,6.0
EXO_kang,,16,,,,,,,,,
FaZe_Fexx,,16,5.0,2.0,,,2.0,1.0,3.0,2.0,1.0
FaZe_Gustav,,16,3.0,1.0,,1.0,1.0,,4.0,1.0,1.0
FaZe_curexi,,16,3.0,1.0,,2.0,2.0,1.0,4.0,1.0,
FaZe_jeemzz,,16,4.0,1.0,,3.0,2.0,1.0,6.0,3.0,3.0
GBL_Glaz,1.0,16,3.0,2.0,,2.0,3.0,2.0,4.0,2.0,2.0
GBL_Gyumin,2.0,16,4.0,2.0,,2.0,2.0,,9.0,3.0,3.0
GBL_Heaven,,16,8.0,4.0,,6.0,5.0,1.0,5.0,1.0,2.0
GBL_Tosi,,16,7.0,4.0,,3.0,5.0,1.0,3.0,2.0,1.0
GEN_DG98,,16,,3.0,,1.0,,1.0,1.0,1.0,2.0
GEN_Foxy,,16,2.0,1.0,,,5.0,,5.0,1.0,1.0
GEN_Pio,,16,5.0,2.0,,1.0,3.0,1.0,3.0,6.0,2.0
GEN_taemin,,16,3.0,2.0,,2.0,2.0,,3.0,,2.0
GEX_Leo,,16,5.0,,1.0,2.0,2.0,2.0,2.0,2.0,5.0
GEX_Savior,,16,6.0,1.0,,3.0,10.0,1.0,6.0,2.0,3.0
GEX_Yuri,,16,4.0,2.0,,1.0,,,2.0,,1.0
GEX_ZhenNan,1.0,16,6.0,2.0,,1.0,2.0,1.0,3.0,,2.0
HOWL_Apocalyp,,16,5.0,2.0,,3.0,5.0,,3.0,1.0,2.0
HOWL_RuerN,1.0,16,7.0,2.0,,1.0,10.0,,1.0,4.0,2.0
HOWL_TheMad,,16,4.0,3.0,,3.0,4.0,1.0,3.0,1.0,4.0
HOWL_scof1eld,2.0,16,4.0,2.0,,4.0,5.0,1.0,3.0,3.0,3.0
III_Adam,,16,7.0,2.0,,6.0,5.0,2.0,8.0,1.0,5.0
III_RichyB,,16,5.0,5.0,2.0,3.0,5.0,2.0,8.0,2.0,2.0
III_Vox,1.0,16,9.0,2.0,,2.0,4.0,2.0,4.0,2.0,1.0
III_oldless,,16,5.0,1.0,,1.0,11.0,,3.0,2.0,3.0
LG_Fludd,1.0,16,3.0,2.0,1.0,1.0,2.0,2.0,5.0,1.0,3.0
LG_Kickstart,1.0,16,5.0,2.0,,2.0,6.0,5.0,7.0,8.0,11.0
LG_Relo,,16,5.0,3.0,,,8.0,1.0,6.0,5.0,1.0
LG_Snakers,,16,5.0,2.0,,4.0,9.0,2.0,5.0,3.0,4.0
NAVI_Mell,,16,8.0,5.0,,,4.0,1.0,4.0,2.0,1.0
NAVI_alya,,16,10.0,5.0,,1.0,1.0,2.0,3.0,,2.0
NAVI_ubah,,16,11.0,2.0,2.0,1.0,7.0,,6.0,1.0,1.0
NAVI_xmpl,1.0,16,4.0,1.0,1.0,,2.0,3.0,1.0,2.0,1.0
NH_HSmm,,16,,,,,,,,,
NH_MMing,,16,,,,,,,,,
NH_Nannnnn,,16,,,,,,,,,
NH_ZpYan1,,16,,,,,,,,,
PLM_BORBO4Tz,,16,,,,,,,,,
PLM_Flukky,,16,,,,,,,,,
PLM_ThanawatTH,,16,,,,,,,,,
PLM_Thunderz,,16,,,,,,,,,
PTG_Adder,,16,,,,,,,,,
PTG_Akad,,16,,,,,,,,,
PTG_Hikari,,16,,,,,,,,,
PTG_WICKED,,16,,,,,,,,,
PeRo_AZ,,16,4.0,2.0,1.0,2.0,3.0,,5.0,3.0,3.0
PeRo_Aixleft,,16,6.0,1.0,1.0,4.0,2.0,3.0,2.0,2.0,3.0
PeRo_Cui71,,16,4.0,3.0,1.0,2.0,4.0,,3.0,2.0,3.0
PeRo_Myl,,16,5.0,2.0,,3.0,5.0,3.0,3.0,3.0,7.0
SQ_M1ME,,16,,,,,,,,,
SQ_Shrimzy,,16,,,,,,,,,
SQ_TGLTN,,16,,,,,,,,,
SQ_hwinn,,16,,,,,,,,,
SST_Feaven,,16,,,,,,,,,
SST_Imhac,,16,,,,,,,,,
SST_Runax,,16,,,,,,,,,
SST_Tae9,,16,,,,,,,,,
STK_PurdyKurty,,16,,,,,,,,,
STK_Vegas,,16,,,,,,,,,
STK_alow,,16,,,,,,,,,
STK_penta,,16,,,,,,,,,
TWIS_BatulinS,,16,,,,,,,,,
TWIS_Lu,,16,,,,,,,,,
TWIS_Perfect1ks,,16,,,,,,,,,
TWIS_TheTab,,16,,,,,,,,,
TWIS_spyrro,,16,,,,,,,,,
Tian_77owo,,16,5.0,2.0,,1.0,2.0,2.0,1.0,1.0,4.0
Tian_LinShu,1.0,16,4.0,1.0,,2.0,7.0,3.0,1.0,3.0,2.0
Tian_LongSkr,,16,4.0,1.0,,2.0,4.0,1.0,2.0,2.0,4.0
Tian_PaoPao,1.0,16,2.0,3.0,1.0,2.0,4.0,,2.0,2.0,3.0
17_Lilghost,,17,7.0,1.0,,1.0,10.0,4.0,6.0,5.0,4.0
17_SuJiu,,17,4.0,1.0,,4.0,5.0,1.0,3.0,3.0,2.0
17_Xbei,1.0,17,7.0,2.0,,5.0,7.0,1.0,10.0,4.0,2.0
17_xwudd,,17,4.0,1.0,,1.0,6.0,1.0,3.0,2.0,
4AM_CRAZY112,,17,,,,,,,,,
4AM_Summer,,17,,,,,,,,,
4AM_WangZai,,17,,,,,,,,,
4AM_Xiaohaixxxx,,17,,,,,,,,,
4AM_xxxLu,,17,,,,,,,,,
ACE_ItzzChrizZ,,17,3.0,,,4.0,5.0,,1.0,3.0,4.0
ACE_KILYAKAi,1.0,17,3.0,,,1.0,5.0,1.0,3.0,2.0,2.0
ACE_Myca,,17,4.0,8.0,1.0,2.0,12.0,1.0,2.0,6.0,1.0
ACE_braex,,17,4.0,1.0,,1.0,5.0,2.0,5.0,2.0,2.0
CES_HaiSaki,1.0,17,3.0,,,1.0,,,3.0,,
CES_Himass,,17,3.0,2.0,,1.0,2.0,,3.0,1.0,
CES_Taikonn,,17,3.0,,1.0,,2.0,,,,
CES_YmCud,,17,1.0,1.0,,,,,,,
DAY_Belmoth,1.0,17,2.0,4.0,,3.0,3.0,1.0,7.0,4.0,4.0
DAY_Flash,,17,4.0,7.0,,2.0,5.0,1.0,8.0,4.0,1.0
DAY_Nourinz,1.0,17,8.0,2.0,,2.0,6.0,1.0,4.0,4.0,3.0
DAY_PuuChiwz,,17,4.0,1.0,,2.0,6.0,3.0,5.0,4.0,
DNW_Inonix,1.0,17,3.0,1.0,,2.0,6.0,1.0,3.0,3.0,2.0
DNW_Loki,,17,6.0,6.0,,3.0,7.0,4.0,9.0,5.0,3.0
DNW_Salute,2.0,17,7.0,2.0,,3.0,5.0,2.0,8.0,5.0,
DNW_seoul,,17,5.0,1.0,,2.0,11.0,1.0,6.0,4.0,3.0
EXO_Akita,1.0,17,6.0,1.0,,2.0,6.0,,5.0,2.0,
EXO_Hikerman,1.0,17,2.0,2.0,,,3.0,,3.0,3.0,3.0
EXO_Rain,1.0,17,3.0,1.0,,2.0,3.0,,5.0,5.0,
EXO_empt,,17,6.0,3.0,,1.0,8.0,2.0,4.0,3.0,4.0
EXO_kang,,17,,,,,,,,,
FaZe_Fexx,,17,5.0,1.0,,4.0,9.0,2.0,5.0,4.0,2.0
FaZe_Gustav,1.0,17,5.0,5.0,1.0,1.0,4.0,2.0,5.0,5.0,3.0
FaZe_curexi,1.0,17,5.0,1.0,,4.0,4.0,5.0,11.0,4.0,7.0
FaZe_jeemzz,1.0,17,4.0,2.0,,1.0,5.0,1.0,3.0,5.0,4.0
GBL_Glaz,1.0,17,3.0,1.0,1.0,4.0,7.0,1.0,5.0,4.0,
GBL_Gyumin,,17,5.0,2.0,1.0,3.0,2.0,,3.0,2.0,1.0
GBL_Heaven,1.0,17,3.0,2.0,,3.0,4.0,3.0,3.0,3.0,3.0
GBL_Tosi,,17,6.0,1.0,1.0,2.0,6.0,3.0,2.0,2.0,4.0
GEN_DG98,2.0,17,4.0,3.0,,2.0,4.0,1.0,6.0,5.0,2.0
GEN_Foxy,,17,1.0,3.0,,2.0,3.0,1.0,4.0,6.0,2.0
GEN_Pio,,17,6.0,1.0,,3.0,6.0,2.0,3.0,7.0,6.0
GEN_taemin,,17,3.0,4.0,,2.0,6.0,2.0,5.0,1.0,1.0
GEX_Leo,,17,4.0,1.0,,2.0,2.0,,4.0,1.0,1.0
GEX_Savior,,17,5.0,1.0,,4.0,6.0,1.0,4.0,4.0,1.0
GEX_Yuri,,17,5.0,3.0,,1.0,2.0,,4.0,1.0,
GEX_ZhenNan,,17,2.0,2.0,,3.0,3.0,,3.0,7.0,
HOWL_Apocalyp,1.0,17,7.0,4.0,,2.0,3.0,,1.0,1.0,
HOWL_RuerN,,17,,,,,1.0,,,,
HOWL_TheMad,,17,,,,,,,,,
HOWL_scof1eld,,17,,,,,1.0,,,,
III_Adam,,17,5.0,2.0,,2.0,4.0,,3.0,1.0,
III_RichyB,1.0,17,4.0,1.0,,2.0,1.0,1.0,1.0,8.0,5.0
III_Vox,1.0,17,3.0,2.0,,3.0,3.0,1.0,7.0,6.0,2.0
III_oldless,,17,7.0,4.0,,3.0,8.0,2.0,4.0,7.0,1.0
LG_Fludd,,17,3.0,2.0,,2.0,4.0,,5.0,3.0,4.0
LG_Kickstart,1.0,17,7.0,,,3.0,3.0,1.0,5.0,2.0,3.0
LG_Relo,,17,2.0,2.0,1.0,2.0,1.0,2.0,2.0,2.0,3.0
LG_Snakers,,17,8.0,3.0,,2.0,3.0,1.0,4.0,4.0,4.0
NAVI_Mell,,17,5.0,4.0,,1.0,5.0,1.0,4.0,3.0,1.0
NAVI_alya,,17,13.0,6.0,,2.0,8.0,,5.0,4.0,1.0
NAVI_ubah,,17,9.0,2.0,,2.0,8.0,,7.0,5.0,3.0
NAVI_xmpl,,17,6.0,2.0,,1.0,2.0,2.0,10.0,2.0,1.0
NH_HSmm,,17,,,,,,,,,
NH_MMing,,17,,,,,,,,,
NH_Nannnnn,,17,,,,,,,,,
NH_ZpYan1,,17,,,,,,,,,
PLM_BORBO4Tz,,17,,,,,,,,,
PLM_Flukky,,17,,,,,,,,,
PLM_ThanawatTH,,17,,,,,,,,,
PLM_Thunderz,,17,,,,,,,,,
PTG_Adder,,17,,,,,,,,,
PTG_Akad,,17,,,,,,,,,
PTG_Hikari,,17,,,,,,,,,
PTG_WICKED,,17,,,,,,,,,
PeRo_AZ,,17,3.0,2.0,,2.0,8.0,,3.0,3.0,6.0
PeRo_Aixleft,,17,4.0,2.0,,2.0,6.0,1.0,5.0,2.0,5.0
PeRo_Cui71,2.0,17,4.0,1.0,,2.0,8.0,1.0,5.0,3.0,4.0
PeRo_Myl,,17,4.0,2.0,1.0,3.0,4.0,,4.0,3.0,3.0
SQ_M1ME,,17,,,,,,,,,
SQ_Shrimzy,,17,,,,,,,,,
SQ_TGLTN,,17,,,,,,,,,
SQ_hwinn,,17,,,,,,,,,
SST_Feaven,,17,,,,,,,,,
SST_Imhac,,17,,,,,,,,,
SST_Runax,,17,,,,,,,,,
SST_Tae9,,17,,,,,,,,,
STK_PurdyKurty,,17,,,,,,,,,
STK_Vegas,,17,,,,,,,,,
STK_alow,,17,,,,,,,,,
STK_penta,,17,,,,,,,,,
TWIS_BatulinS,,17,,,,,,,,,
TWIS_Lu,,17,,,,,,,,,
TWIS_Perfect1ks,,17,,,,,,,,,
TWIS_TheTab,,17,,,,,,,,,
TWIS_spyrro,,17,,,,,,,,,
Tian_77owo,,17,4.0,1.0,,1.0,2.0,1.0,3.0,2.0,1.0
Tian_LinShu,,17,3.0,1.0,,1.0,1.0,2.0,3.0,6.0,4.0
Tian_LongSkr,,17,4.0,2.0,,2.0,4.0,1.0,2.0,2.0,2.0
Tian_PaoPao,1.0,17,3.0,1.0,,1.0,4.0,,1.0,1.0,2.0
17_Lilghost,1.0,18,3.0,1.0,,,6.0,2.0,4.0,1.0,4.0
17_SuJiu,,18,6.0,1.0,1.0,2.0,3.0,,5.0,3.0,2.0
17_Xbei,,18,4.0,1.0,1.0,1.0,4.0,2.0,4.0,3.0,2.0
17_xwudd,,18,4.0,2.0,,1.0,5.0,1.0,5.0,1.0,3.0
4AM_CRAZY112,,18,,,,,,,,,
4AM_Summer,,18,,,,,,,,,
4AM_WangZai,,18,,,,,,,,,
4AM_Xiaohaixxxx,,18,,,,,,,,,
4AM_xxxLu,,18,,,,,,,,,
ACE_ItzzChrizZ,,18,5.0,2.0,,2.0,6.0,,4.0,,
ACE_KILYAKAi,1.0,18,2.0,2.0,,1.0,6.0,1.0,5.0,2.0,1.0
ACE_Myca,,18,3.0,3.0,,1.0,7.0,,6.0,4.0,1.0
ACE_braex,,18,4.0,1.0,,,3.0,,4.0,,2.0
CES_HaiSaki,,18,6.0,2.0,,1.0,2.0,2.0,4.0,2.0,2.0
CES_Himass,,18,4.0,1.0,,1.0,6.0,1.0,3.0,1.0,2.0
CES_Taikonn,1.0,18,10.0,2.0,,7.0,9.0,2.0,5.0,2.0,6.0
CES_YmCud,,18,5.0,3.0,,2.0,7.0,1.0,5.0,3.0,
DAY_Belmoth,,18,4.0,1.0,1.0,1.0,3.0,2.0,5.0,4.0,2.0
DAY_Flash,,18,4.0,3.0,,,4.0,,11.0,1.0,2.0
DAY_Nourinz,,18,5.0,1.0,,2.0,6.0,3.0,6.0,5.0,7.0
DAY_PuuChiwz,,18,5.0,1.0,2.0,3.0,4.0,,5.0,,2.0
DNW_Inonix,,18,5.0,1.0,,1.0,6.0,3.0,10.0,2.0,7.0
DNW_Loki,,18,5.0,2.0,,3.0,4.0,1.0,4.0,3.0,2.0
DNW_Salute,1.0,18,4.0,2.0,,2.0,8.0,2.0,5.0,1.0,3.0
DNW_seoul,1.0,18,3.0,1.0,,3.0,7.0,,6.0,2.0,5.0
EXO_Akita,,18,4.0,3.0,,1.0,5.0,1.0,8.0,1.0,3.0
EXO_Hikerman,,18,2.0,1.0,,4.0,2.0,,4.0,1.0,4.0
EXO_Rain,,18,4.0,1.0,,,9.0,1.0,3.0,3.0,3.0
EXO_empt,,18,4.0,1.0,,1.0,9.0,1.0,3.0,,4.0
EXO_kang,,18,,,,,,,,,
FaZe_Fexx,,18,5.0,4.0,,1.0,2.0,1.0,7.0,1.0,1.0
FaZe_Gustav,,18,7.0,1.0,1.0,,4.0,1.0,2.0,,
FaZe_curexi,1.0,18,3.0,2.0,,,10.0,,4.0,1.0,
FaZe_jeemzz,,18,3.0,1.0,,1.0,3.0,1.0,3.0,,1.0
GBL_Glaz,1.0,18,6.0,4.0,,,5.0,2.0,9.0,4.0,8.0
GBL_Gyumin,2.0,18,6.0,1.0,,2.0,8.0,1.0,7.0,5.0,6.0
GBL_Heaven,,18,4.0,2.0,,5.0,8.0,2.0,7.0,4.0,8.0
GBL_Tosi,,18,4.0,1.0,,1.0,7.0,1.0,3.0,1.0,1.0
GEN_DG98,,18,4.0,3.0,,3.0,3.0,,4.0,1.0,1.0
GEN_Foxy,,18,5.0,2.0,,4.0,8.0,1.0,4.0,2.0,1.0
GEN_Pio,,18,9.0,1.0,1.0,4.0,12.0,4.0,7.0,2.0,8.0
GEN_taemin,,18,3.0,3.0,,,3.0,,2.0,,
GEX_Leo,,18,6.0,2.0,,1.0,3.0,2.0,,,
GEX_Savior,,18,15.0,3.0,,3.0,5.0,1.0,6.0,6.0,1.0
GEX_Yuri,,18,6.0,4.0,,1.0,7.0,3.0,9.0,5.0,5.0
GEX_ZhenNan,,18,7.0,4.0,,1.0,8.0,6.0,6.0,5.0,4.0
HOWL_Apocalyp,1.0,18,4.0,3.0,,2.0,2.0,1.0,,2.0,
HOWL_RuerN,,18,8.0,,,3.0,8.0,,5.0,3.0,8.0
HOWL_TheMad,,18,4.0,1.0,1.0,1.0,3.0,3.0,12.0,2.0,8.0
HOWL_scof1eld,,18,3.0,1.0,,3.0,3.0,2.0,4.0,2.0,2.0
III_Adam,1.0,18,3.0,1.0,,2.0,6.0,,6.0,3.0,2.0
III_RichyB,,18,5.0,,,3.0,2.0,2.0,4.0,1.0,3.0
III_Vox,,18,6.0,2.0,,2.0,1.0,1.0,6.0,1.0,2.0
III_oldless,,18,3.0,,,2.0,4.0,2.0,5.0,1.0,2.0
LG_Fludd,,18,4.0,2.0,,4.0,1.0,3.0,7.0,3.0,3.0
LG_Kickstart,1.0,18,3.0,2.0,1.0,5.0,10.0,4.0,3.0,1.0,5.0
LG_Relo,,18,3.0,2.0,1.0,2.0,2.0,1.0,7.0,2.0,3.0
LG_Snakers,,18,8.0,4.0,,2.0,8.0,2.0,4.0,2.0,3.0
NAVI_Mell,,18,5.0,2.0,,2.0,5.0,1.0,1.0,1.0,1.0
NAVI_alya,,18,4.0,2.0,,,4.0,1.0,5.0,,1.0
NAVI_ubah,,18,4.0,4.0,1.0,1.0,5.0,3.0,6.0,1.0,2.0
NAVI_xmpl,1.0,18,8.0,3.0,,1.0,5.0,,7.0,1.0,2.0
NH_HSmm,,18,,,,,,,,,
NH_MMing,,18,,,,,,,,,
NH_Nannnnn,,18,,,,,,,,,
NH_ZpYan1,,18,,,,,,,,,
PLM_BORBO4Tz,,18,,,,,,,,,
PLM_Flukky,,18,,,,,,,,,
PLM_ThanawatTH,,18,,,,,,,,,
PLM_Thunderz,,18,,,,,,,,,
PTG_Adder,,18,,,,,,,,,
PTG_Akad,,18,,,,,,,,,
PTG_Hikari,,18,,,,,,,,,
PTG_WICKED,,18,,,,,,,,,
PeRo_AZ,,18,3.0,1.0,,3.0,1.0,1.0,3.0,2.0,2.0
PeRo_Aixleft,,18,7.0,2.0,,1.0,6.0,1.0,5.0,3.0,4.0
PeRo_Cui71,,18,6.0,1.0,,2.0,2.0,3.0,7.0,2.0,7.0
PeRo_Myl,2.0,18,5.0,2.0,1.0,3.0,6.0,2.0,8.0,2.0,2.0
SQ_M1ME,,18,,,,,,,,,
SQ_Shrimzy,,18,,,,,,,,,
SQ_TGLTN,,18,,,,,,,,,
SQ_hwinn,,18,,,,,,,,,
SST_Feaven,,18,,,,,,,,,
SST_Imhac,,18,,,,,,,,,
SST_Runax,,18,,,,,,,,,
SST_Tae9,,18,,,,,,,,,
STK_PurdyKurty,,18,,,,,,,,,
STK_Vegas,,18,,,,,,,,,
STK_alow,,18,,,,,,,,,
STK_penta,,18,,,,,,,,,
TWIS_BatulinS,,18,,,,,,,,,
TWIS_Lu,,18,,,,,,,,,
TWIS_Perfect1ks,,18,,,,,,,,,
TWIS_TheTab,,18,,,,,,,,,
TWIS_spyrro,,18,,,,,,,,,
Tian_77owo,,18,4.0,1.0,1.0,2.0,4.0,2.0,3.0,1.0,7.0
Tian_LinShu,,18,2.0,1.0,,2.0,3.0,1.0,4.0,3.0,1.0
Tian_LongSkr,1.0,18,6.0,1.0,,1.0,3.0,1.0,2.0,2.0,2.0
Tian_PaoPao,,18,4.0,3.0,,5.0,2.0,,4.0,2.0,1.0
